530042	tt0068646	1	The Godfather					1
530043	tt0068646	10	The Godfather	HK	en			0
530044	tt0068646	11	The Godfather	ID	en			0
530045	tt0068646	12	The Godfather	IE	en			0
530046	tt0068646	13	The Godfather	IL	en			0
530047	tt0068646	14	The Godfather	IN	en			0
530048	tt0068646	15	The Godfather	IN	hi			0
530049	tt0068646	16	The Godfather	PH	en			0
530050	tt0068646	17	The Godfather	QA				0
530051	tt0068646	18	The Godfather	SG	en			0
530052	tt0068646	19	The Godfather	TH	en			0
530053	tt0068646	2	The Godfather	AE				0
530054	tt0068646	20	The Godfather	US				0
530055	tt0068646	21	The Godfather	XWW	en			0
530056	tt0068646	22	The Godfather	ZA	en			0
530057	tt0068646	23	El padrino	CL				0
530058	tt0068646	24	El padrino	EC				0
530059	tt0068646	25	El padrino	ES				0
530060	tt0068646	26	El padrino	MX				0
530061	tt0068646	27	El padrino	PE				0
530062	tt0068646	28	El padrino	US	es			0
530063	tt0068646	29	El padrino	VE				0
530064	tt0068646	3	The Godfather	AU				0
530065	tt0068646	30	Der Pate	AT				0
530066	tt0068646	31	Der Pate	DE				0
530067	tt0068646	32	Der Pate	XWG				0
530068	tt0068646	33	El Padrino	AR				0
530069	tt0068646	34	El Padrino	CO				0
530070	tt0068646	35	El Padrino	UY				0
530071	tt0068646	36	De peetvader	BE	qbn			0
530072	tt0068646	37	De peetvader	NL				0
530073	tt0068646	38	Godfather	DK				0
530074	tt0068646	39	Godfather	JP	en			0
530075	tt0068646	4	The Godfather	BD	en			0
530076	tt0068646	40	Kmotr	CSHH	cs			0
530077	tt0068646	41	Kmotr	CZ				0
530078	tt0068646	42	Krstný Otec	CSHH	sk			0
530079	tt0068646	43	Krstný Otec	SK				0
530080	tt0068646	44	Kum	HR				0
530081	tt0068646	45	Kum	XYU	sr			0
530082	tt0068646	46	教父	CN	cmn			0
530083	tt0068646	47	教父	TW				0
530084	tt0068646	48	A keresztapa	HU				0
530085	tt0068646	49	Al aab Alrohy	EG	ar			0
530086	tt0068646	5	The Godfather	BE	en			0
530087	tt0068646	50	Al-arraab	EG	ar			0
530088	tt0068646	51	Baba	TR	tr			0
530089	tt0068646	52	Bố Già	VN				0
530090	tt0068646	53	Boter	SI				0
530091	tt0068646	54	Cho'qintirgan ota	UZ				0
530092	tt0068646	55	Daeboo	KR				0
530093	tt0068646	56	El padrí	ES	ca			0
530094	tt0068646	57	Goddofâzâ	JP				0
530095	tt0068646	58	Gudfadern	SE				0
530096	tt0068646	59	Guðfaðirinn	IS				0
530097	tt0068646	6	The Godfather	CA	en			0
530098	tt0068646	60	Gudfaren	NO				0
530099	tt0068646	61	Hasandak	IL	he			0
530100	tt0068646	62	Il padrino	IT				0
530101	tt0068646	63	Krikštatėvis	LT				0
530102	tt0068646	64	Krusttēvs	LV				0
530103	tt0068646	65	Kumbari	AL				0
530104	tt0068646	66	Kummisetä	FI				0
530105	tt0068646	67	Le parrain	CA	fr			0
530106	tt0068646	68	Le Parrain	FR				0
530107	tt0068646	69	Mario Puzo's The Godfather	US				0
530108	tt0068646	7	The Godfather	EG	en			0
530109	tt0068646	70	Nașul	RO				0
530110	tt0068646	71	Natlimama	GE				0
530111	tt0068646	72	O nonos	GR				0
530112	tt0068646	73	O Padrinho	PT				0
530113	tt0068646	74	O Poderoso Chefão	BR				0
530114	tt0068646	75	Ojciec chrzestny	PL				0
530115	tt0068646	76	Pedar khandeh	IR	fa			0
530116	tt0068646	77	Ristiisa	EE				0
530117	tt0068646	78	Xaç atası	AZ				0
530118	tt0068646	79	Ο νονός	GR				0
530119	tt0068646	8	The Godfather	GB				0
530120	tt0068646	80	Крестный отец	SUHH	ru			0
530121	tt0068646	81	Крёстный отец	RU				0
530122	tt0068646	82	Кръстникът	BG	bg			0
530123	tt0068646	83	Кум	RS				0
530124	tt0068646	84	Өкіл әке	KZ				0
530125	tt0068646	85	Хрещений батько	UA				0
530126	tt0068646	86	ゴッドファーザー	JP	ja			0
530127	tt0068646	87	The Godfather	US	en			0
530128	tt0068646	9	The Godfather	GT				0
1074422	tt0123865	1	Gia					1
1074423	tt0123865	10	Gia	NL				0
1074424	tt0123865	11	Gia	RO				0
1074425	tt0123865	12	Gia	US				0
1074426	tt0123865	13	Gia: Femme de rêve	CA	fr			0
1074427	tt0123865	14	Gia: Femme de rêve	FR				0
1074428	tt0123865	15	Anatomie d'un top model	FR				0
1074429	tt0123865	16	Femme de rêve	FR				0
1074430	tt0123865	17	Gia - Der Preis der Schönheit	DE				0
1074431	tt0123865	18	Gia - kauneuden kirous	FI				0
1074432	tt0123865	19	Gia - Una donna oltre ogni limite	IT				0
1074433	tt0123865	2	Gia	AR				0
1074434	tt0123865	20	Gia, Fama e Destruição	BR				0
1074435	tt0123865	21	Kifutó a semmibe	HU				0
1074436	tt0123865	22	La historia de una modelo	MX				0
1074437	tt0123865	23	Quá Đẹp Để Chết	VN				0
1074438	tt0123865	24	Top Model	GR				0
1074439	tt0123865	25	Джиа	RU				0
1074440	tt0123865	26	Джия	BG	bg			0
1074441	tt0123865	27	Джіа	UA				0
1074442	tt0123865	28	Манекенка	RS				0
1074443	tt0123865	29	ジア　裸のスーパーモデル	JP	ja			0
1074444	tt0123865	3	Gia	CA	en			0
1074445	tt0123865	30	霓裳情挑	TW				0
1074446	tt0123865	4	Gia	CZ				0
1074447	tt0123865	5	Gia	EE				0
1074448	tt0123865	6	Gia	FI				0
1074449	tt0123865	7	Gia	GB				0
1074450	tt0123865	8	Gia	IN	en			0
1074451	tt0123865	9	Gia	MX				0
1104064	tt0133093	1	The Matrix					1
1104065	tt0133093	10	Matrix	ES	ca			0
1104066	tt0133093	11	Matrix	FI				0
1104067	tt0133093	12	Matrix	FI	sv			0
1104068	tt0133093	13	Matrix	FR				0
1104069	tt0133093	14	Matrix	HR				0
1104070	tt0133093	15	Matrix	IT				0
1104071	tt0133093	16	Matrix	JP	en			0
1104072	tt0133093	17	Matrix	MX				0
1104073	tt0133093	18	Matrix	NO				0
1104074	tt0133093	19	Matrix	PE				0
1104075	tt0133093	2	Matrix	AR				0
1104076	tt0133093	20	Matrix	PL				0
1104077	tt0133093	21	Matrix	PT				0
1104078	tt0133093	22	Matrix	RO				0
1104079	tt0133093	23	Matrix	SE				0
1104080	tt0133093	24	Matrix	SK				0
1104081	tt0133093	25	Matrix	TR	tr			0
1104082	tt0133093	26	Matrix	US	es			0
1104083	tt0133093	27	Matrix	UY				0
1104084	tt0133093	28	Matrix	VE				0
1104085	tt0133093	29	The Matrix	AE				0
1104086	tt0133093	3	Matrix	AT				0
1104087	tt0133093	30	The Matrix	AU				0
1104088	tt0133093	31	The Matrix	CA	en			0
1104089	tt0133093	32	The Matrix	DK				0
1104090	tt0133093	33	The Matrix	EC				0
1104091	tt0133093	34	The Matrix	EG	en			0
1104092	tt0133093	35	The Matrix	GB				0
1104093	tt0133093	36	The Matrix	GR				0
1104094	tt0133093	37	The Matrix	ID	en			0
1104095	tt0133093	38	The Matrix	IL	en			0
1104096	tt0133093	39	The Matrix	IN	en			0
1104097	tt0133093	4	Matrix	BE	fr			0
1104098	tt0133093	40	The Matrix	IN	ta			0
1104099	tt0133093	41	The Matrix	IN	te			0
1104100	tt0133093	42	The Matrix	NL				0
1104101	tt0133093	43	The Matrix	PH	en			0
1104102	tt0133093	44	The Matrix	SG	en			0
1104103	tt0133093	45	The Matrix	US				0
1104104	tt0133093	46	The Matrix	ZA	en			0
1104105	tt0133093	47	Matrica	LT				0
1104106	tt0133093	48	Matrica	SI				0
1104107	tt0133093	49	Матрица	KZ				0
1104108	tt0133093	5	Matrix	BR				0
1104109	tt0133093	50	Матрица	RU				0
1104110	tt0133093	51	22世紀殺人網絡	HK	yue			0
1104111	tt0133093	52	Fylkið	IS				0
1104112	tt0133093	53	La matrice	CA	fr			0
1104113	tt0133093	54	La matriz	PA				0
1104114	tt0133093	55	Ma Trận	VN				0
1104115	tt0133093	56	Maatriks	EE				0
1104116	tt0133093	57	Matorikkusu	JP				0
1104117	tt0133093	58	Matrikss	LV				0
1104118	tt0133093	59	Matritsa	UZ				0
1104119	tt0133093	6	Matrix	CZ				0
1104120	tt0133093	60	Mátrix	HU				0
1104121	tt0133093	61	Phôphan Manut Neūa Lôk 2199	TH	th			0
1104122	tt0133093	62	Матрикс	RS				0
1104123	tt0133093	63	Матрицата	BG	bg			0
1104124	tt0133093	64	Матриця	UA				0
1104125	tt0133093	65	महाशक्तिमान	IN	hi			0
1104126	tt0133093	66	매트릭스	KR				0
1104127	tt0133093	67	マトリックス	JP	ja			0
1104128	tt0133093	68	駭客任務	TW				0
1104129	tt0133093	69	黑客帝国	CN	cmn			0
1104130	tt0133093	7	Matrix	DE				0
1104131	tt0133093	8	Matrix	EE				0
1104132	tt0133093	9	Matrix	ES				0
1117014	tt0137523	1	Fight Club					1
1117015	tt0137523	10	Fight Club	FI				0
1117016	tt0137523	11	Fight Club	FR				0
1117017	tt0137523	12	Fight Club	GB				0
1117018	tt0137523	13	Fight Club	GR				0
1117019	tt0137523	14	Fight Club	ID	en			0
1117020	tt0137523	15	Fight Club	IN	en			0
1117021	tt0137523	16	Fight Club	IT				0
1117022	tt0137523	17	Fight Club	JP	en			0
1117023	tt0137523	18	Fight Club	NL				0
1117024	tt0137523	19	Fight Club	PH	en			0
1117025	tt0137523	2	Fight Club	AE				0
1117026	tt0137523	20	Fight Club	SE				0
1117027	tt0137523	21	Fight Club	SG	en			0
1117028	tt0137523	22	Fight Club	US				0
1117029	tt0137523	23	Fight Club	ZA	en			0
1117030	tt0137523	24	El club de la pelea	AR				0
1117031	tt0137523	25	El club de la pelea	EC				0
1117032	tt0137523	26	El club de la pelea	MX				0
1117033	tt0137523	27	El club de la pelea	PE				0
1117034	tt0137523	28	El club de la pelea	US	es			0
1117035	tt0137523	29	Borilački klub	BA	bs			0
1117036	tt0137523	3	Fight Club	AT				0
1117037	tt0137523	30	Borilački klub	ME				0
1117038	tt0137523	31	Бойцовский клуб	KZ	ru			0
1117039	tt0137523	32	Бойцовский клуб	RU				0
1117040	tt0137523	33	Bashgah-e moshtzani	IR	fa			0
1117041	tt0137523	34	Borechki Klub	MK				0
1117042	tt0137523	35	Cīņas klubs	LV				0
1117043	tt0137523	36	Clube da Luta	BR				0
1117044	tt0137523	37	Clube de Combate	PT				0
1117045	tt0137523	38	Dip Duan Dip	TH	th			0
1117046	tt0137523	39	Dövüş Kulübü	TR	tr			0
1117047	tt0137523	4	Fight Club	AU				0
1117048	tt0137523	40	Döyüshçü Klubu	AZ				0
1117049	tt0137523	41	El club de la lucha	ES				0
1117050	tt0137523	42	Fight Club - Sala de lupte	RO				0
1117051	tt0137523	43	Harcosok klubja	HU				0
1117052	tt0137523	44	Jang klubi	UZ				0
1117053	tt0137523	45	Kaklusklubi	EE				0
1117054	tt0137523	46	Klub bitkárov	SK				0
1117055	tt0137523	47	Klub boraca	HR				0
1117056	tt0137523	48	Klub golih pesti	SI				0
1117057	tt0137523	49	Klub rváčů	CZ				0
1117058	tt0137523	5	Fight Club	CA	en			0
1117059	tt0137523	50	Kovos klubas	LT				0
1117060	tt0137523	51	Kurashchilar klubi	UZ				0
1117061	tt0137523	52	Mo'adon Krav	IL	he			0
1117062	tt0137523	53	Nadi alghetal	EG	ar			0
1117063	tt0137523	54	Nadi alketal	EG	ar			0
1117064	tt0137523	55	Podziemny krąg	PL				0
1117065	tt0137523	56	Sàn Đấu Sinh Tử	VN				0
1117066	tt0137523	57	Бійцівський клуб	UA				0
1117067	tt0137523	58	Боен клуб	BG	bg			0
1117068	tt0137523	59	Боречки клуб	MK				0
1117069	tt0137523	6	Fight Club	CA	fr			0
1117070	tt0137523	60	Борилачки клуб/Borilački klub	RS				0
1117071	tt0137523	61	Ержүректер клубы	KZ				0
1117072	tt0137523	62	फाइट क्लब	IN	hi			0
1117073	tt0137523	63	파이트 클럽	KR				0
1117074	tt0137523	64	ファイト・クラブ	JP	ja			0
1117075	tt0137523	65	搏击俱乐部	CN	cmn			0
1117076	tt0137523	66	搏擊會	HK	yue			0
1117077	tt0137523	67	鬥陣俱樂部	TW				0
1117078	tt0137523	7	Fight Club	DE				0
1117079	tt0137523	8	Fight Club	DK				0
1117080	tt0137523	9	Fight Club	EG	en			0
1136622	tt0144084	1	American Psycho					1
1136623	tt0144084	10	American Psycho	FR				0
1136624	tt0144084	11	American Psycho	GB				0
1136625	tt0144084	12	American Psycho	GR				0
1136626	tt0144084	13	American Psycho	HK	en			0
1136627	tt0144084	14	American Psycho	ID	en			0
1136628	tt0144084	15	American Psycho	IL	en			0
1136629	tt0144084	16	American Psycho	IN	en			0
1136630	tt0144084	17	American Psycho	IN	hi			0
1136631	tt0144084	18	American Psycho	IT				0
1136632	tt0144084	19	American Psycho	NL				0
1136633	tt0144084	2	American Psycho	AE				0
1136634	tt0144084	20	American Psycho	NO				0
1136635	tt0144084	21	American Psycho	PH	en			0
1136636	tt0144084	22	American Psycho	PL				0
1136637	tt0144084	23	American Psycho	PT				0
1136638	tt0144084	24	American Psycho	RO				0
1136639	tt0144084	25	American Psycho	SE				0
1136640	tt0144084	26	American Psycho	SG	en			0
1136641	tt0144084	27	American Psycho	TH	en			0
1136642	tt0144084	28	American Psycho	US				0
1136643	tt0144084	29	American Psycho	ZA	en			0
1136644	tt0144084	3	American Psycho	AU				0
1136645	tt0144084	30	Psicópata americano	AR				0
1136646	tt0144084	31	Psicópata americano	EC				0
1136647	tt0144084	32	Psicópata americano	MX				0
1136648	tt0144084	33	Psicópata americano	US	es			0
1136649	tt0144084	34	Psicópata americano	VE				0
1136650	tt0144084	35	Psicopata Americano	BR				0
1136651	tt0144084	36	Psicopata Americano	PT				0
1136652	tt0144084	37	Американский психопат	KZ	ru			0
1136653	tt0144084	38	Американский психопат	RU				0
1136654	tt0144084	39	Ameerika psühhopaat	EE				0
1136655	tt0144084	4	American Psycho	CA	en			0
1136656	tt0144084	40	American psycho	ES	ca			0
1136657	tt0144084	41	Americké psycho	CZ				0
1136658	tt0144084	42	Americké Psycho	SK				0
1136659	tt0144084	43	Američki psiho	HR				0
1136660	tt0144084	44	Amerika psixo	AZ				0
1136661	tt0144084	45	Amerikai pszichó	HU				0
1136662	tt0144084	46	Amerikan psyko	FI				0
1136663	tt0144084	47	Amerikan Sapığı	TR	tr			0
1136664	tt0144084	48	Amerikos psichopatas	LT				0
1136665	tt0144084	49	Ameriski psiho	SI				0
1136666	tt0144084	5	American Psycho	CA	fr			0
1136667	tt0144084	50	Aqldan ozgan amerikalik	UZ				0
1136668	tt0144084	51	Kẻ Sát Nhân Cuồng Tín	VN				0
1136669	tt0144084	52	Psicópata Americano	CL				0
1136670	tt0144084	53	Psychopathe américain	FR				0
1136671	tt0144084	54	Американдық психопат	KZ				0
1136672	tt0144084	55	Американски психар	BG	bg			0
1136673	tt0144084	56	Американський психопат	UA				0
1136674	tt0144084	57	Амерички психо	RS				0
1136675	tt0144084	58	아메리칸 사이코	KR				0
1136676	tt0144084	59	アメリカン・サイコ	JP	ja			0
1136677	tt0144084	6	American Psycho	DE				0
1136678	tt0144084	60	美国精神病人	CN	cmn			0
1136679	tt0144084	61	美國殺人魔	TW				0
1136680	tt0144084	7	American Psycho	DK				0
1136681	tt0144084	8	American Psycho	EG	en			0
1136682	tt0144084	9	American Psycho	ES				0
1253673	tt0185906	1	Band of Brothers					1
1253674	tt0185906	10	Band of Brothers	IL	en			0
1253675	tt0185906	11	Band of Brothers	IN	en			0
1253676	tt0185906	12	Band of Brothers	IN	hi			0
1253677	tt0185906	13	Band of Brothers	MY	en			0
1253678	tt0185906	14	Band of Brothers	NL				0
1253679	tt0185906	15	Band of Brothers	PH	en			0
1253680	tt0185906	16	Band of Brothers	SE				0
1253681	tt0185906	17	Band of Brothers	SG	en			0
1253682	tt0185906	18	Band of Brothers	TH	en			0
1253683	tt0185906	19	Band of Brothers	US				0
1253684	tt0185906	2	Band of Brothers	AR				0
1253685	tt0185906	20	Band of Brothers	ZA	en			0
1253686	tt0185906	21	Frères d'armes	CA	fr			0
1253687	tt0185906	22	Frères d'armes	CH	fr			0
1253688	tt0185906	23	Frères d'armes	FR				0
1253689	tt0185906	24	Relvavennad	EE				0
1253690	tt0185906	25	雷霆傘兵	CN	yue			0
1253691	tt0185906	26	雷霆傘兵	HK	yue			0
1253692	tt0185906	27	Az elit alakulat	HU				0
1253693	tt0185906	28	Band of Brothers - Fratelli al fronte	IT				0
1253694	tt0185906	29	Band of Brothers: Wir waren wie Brüder	DE				0
1253695	tt0185906	3	Band of Brothers	AU				0
1253696	tt0185906	30	Banda de hermanos	MX				0
1253697	tt0185906	31	Bratrstvo neohrožených	CZ				0
1253698	tt0185906	32	Bratstvo neohrozených	SK				0
1253699	tt0185906	33	Camarazi de razboi	RO				0
1253700	tt0185906	34	Chiến Hữu	VN				0
1253701	tt0185906	35	Germans de sang	ES	ca			0
1253702	tt0185906	36	Hermanos de sangre	ES				0
1253703	tt0185906	37	Irmãos de Armas	PT				0
1253704	tt0185906	38	Irmãos de Guerra	BR				0
1253705	tt0185906	39	Kammerater i krig	DK				0
1253706	tt0185906	4	Band of Brothers	CA	en			0
1253707	tt0185906	40	Kardeşler Takımı	TR	tr			0
1253708	tt0185906	41	Karo vilkai. Desantininkai	LT				0
1253709	tt0185906	42	Kompania braci	PL				0
1253710	tt0185906	43	Krigens brorskap	NO				0
1253711	tt0185906	44	Peščica izbranih	SI				0
1253712	tt0185906	45	Stin proti grammi	GR				0
1253713	tt0185906	46	Taistelutoverit	FI				0
1253714	tt0185906	47	Vi stred som bröder	FI	sv			0
1253715	tt0185906	48	Združena braća	HR				0
1253716	tt0185906	49	Στην πρώτη γραμμή	GR				0
1253717	tt0185906	5	Band of Brothers	EC				0
1253718	tt0185906	50	Брати по зброї	UA				0
1253719	tt0185906	51	Братья по оружию	RU				0
1253720	tt0185906	52	Братя по оръжие	BG	bg			0
1253721	tt0185906	53	Браћа по оружју	RS				0
1253722	tt0185906	54	عصبة الإخوة	AE				0
1253723	tt0185906	55	밴드 오브 브라더스	KR				0
1253724	tt0185906	56	バンド・オブ・ブラザース	JP	ja			0
1253725	tt0185906	57	兄弟连	CN	cmn			0
1253726	tt0185906	58	諾曼第大空降	TW				0
1253727	tt0185906	6	Band of Brothers	EG	en			0
1253728	tt0185906	7	Band of Brothers	GB				0
1253729	tt0185906	8	Band of Brothers	HK	en			0
1253730	tt0185906	9	Band of Brothers	ID	en			0
1454147	tt0264464	1	Catch Me If You Can					1
1454148	tt0264464	10	Catch Me If You Can	IN	en			0
1454149	tt0264464	11	Catch Me If You Can	IN	hi			0
1454150	tt0264464	12	Catch Me If You Can	NL				0
1454151	tt0264464	13	Catch Me If You Can	PH	en			0
1454152	tt0264464	14	Catch Me If You Can	SE				0
1454153	tt0264464	15	Catch Me If You Can	SG	en			0
1454154	tt0264464	16	Catch Me If You Can	TH	en			0
1454155	tt0264464	17	Catch Me If You Can	US				0
1454156	tt0264464	18	Catch Me If You Can	ZA	en			0
1454157	tt0264464	19	Atrápame si puedes	AR				0
1454158	tt0264464	2	Catch Me If You Can	AE				0
1454159	tt0264464	20	Atrápame si puedes	EC				0
1454160	tt0264464	21	Atrápame si puedes	ES				0
1454161	tt0264464	22	Atrápame si puedes	MX				0
1454162	tt0264464	23	Atrápame si puedes	PA				0
1454163	tt0264464	24	Atrápame si puedes	PE				0
1454164	tt0264464	25	Atrápame si puedes	US	es			0
1454165	tt0264464	26	Atrápame si puedes	UY				0
1454166	tt0264464	27	Arrête-moi si tu peux	CA	fr			0
1454167	tt0264464	28	Arrête-moi si tu peux	FR				0
1454168	tt0264464	29	Поймай меня, если сможешь	KZ	ru			0
1454169	tt0264464	3	Catch Me If You Can	AU				0
1454170	tt0264464	30	Поймай меня, если сможешь	RU				0
1454171	tt0264464	31	Age mitooni mano begir	IR	fa			0
1454172	tt0264464	32	Apanha-me Se Puderes	PT				0
1454173	tt0264464	33	Attrape-moi si tu peux	CA	fr			0
1454174	tt0264464	34	Bacarırsansa məni tut	AZ				0
1454175	tt0264464	35	Catch me if you can - Mein Leben auf der Flucht	DE				0
1454176	tt0264464	36	Chyť ma, ak to dokážeš	SK				0
1454177	tt0264464	37	Chyť mě, když to dokážeš	CZ				0
1454178	tt0264464	38	Hãy Bắt Tôi Nếu Có Thể	VN				0
1454179	tt0264464	39	Kapj el, ha tudsz	HU				0
1454180	tt0264464	4	Catch Me If You Can	CA	en			0
1454181	tt0264464	40	Noķer mani, ja vari	LV				0
1454182	tt0264464	41	Ota kiinni jos saat	FI				0
1454183	tt0264464	42	Pagauk, jei gali	LT				0
1454184	tt0264464	43	Piase me, an boreis	GR				0
1454185	tt0264464	44	Prenda-Me Se for Capaz	BR				0
1454186	tt0264464	45	Prinde-mă! Dacă poți!	RO				0
1454187	tt0264464	46	Prova a prendermi	IT				0
1454188	tt0264464	47	Püüa kinni, kui suudad	EE				0
1454189	tt0264464	48	Qo'lingdan kelsa tutib ol	UZ				0
1454190	tt0264464	49	Sıkıysa Yakala	TR	tr			0
1454191	tt0264464	5	Catch Me If You Can	DE				0
1454192	tt0264464	50	Uhvati me ako možeš	HR				0
1454193	tt0264464	51	Ujemi me, če me moreš	SI				0
1454194	tt0264464	52	Ustasi farang	UZ				0
1454195	tt0264464	53	Złap mnie, jeśli potrafisz	PL				0
1454196	tt0264464	54	Πιάσε με αν μπορείς	GR				0
1454197	tt0264464	55	Впіймай мене, якщо зможеш	UA				0
1454198	tt0264464	56	Мүмкін болса мені ұста	KZ				0
1454199	tt0264464	57	Піймай, якщо зможеш	UA				0
1454200	tt0264464	58	Ухвати ме ако можеш	RS				0
1454201	tt0264464	59	Хвани ме, ако можеш	BG	bg			0
1454202	tt0264464	6	Catch Me If You Can	EG	en			0
1454203	tt0264464	60	मुश्किल ही नहीं, नामुमकिन!	IN	hi			0
1454204	tt0264464	61	캐치 미 이프 유 캔	KR				0
1454205	tt0264464	62	キャッチ・ミー・イフ・ユー・キャン	JP	ja			0
1454206	tt0264464	63	捉智雙雄	HK	yue			0
1454207	tt0264464	64	猫鼠游戏	CN	cmn			0
1454208	tt0264464	65	神鬼交鋒	TW				0
1454209	tt0264464	7	Catch Me If You Can	GB				0
1454210	tt0264464	8	Catch Me If You Can	ID	en			0
1454211	tt0264464	9	Catch Me If You Can	IL	en			0
1789139	tt0417299	1	Avatar: The Last Airbender					1
1789140	tt0417299	10	Avatar: The Last Airbender	IL	en			0
1789141	tt0417299	11	Avatar: The Last Airbender	IN	en			0
1789142	tt0417299	12	Avatar: The Last Airbender	IN	hi			0
1789143	tt0417299	13	Avatar: The Last Airbender	PH	en			0
1789144	tt0417299	14	Avatar: The Last Airbender	SG	en			0
1789145	tt0417299	15	Avatar: The Last Airbender	TH	en			0
1789146	tt0417299	16	Avatar: The Last Airbender	US				0
1789147	tt0417299	17	Avatar: The Last Airbender	ZA	en			0
1789148	tt0417299	18	Avatar: La leyenda de Aang	AR				0
1789149	tt0417299	19	Avatar: La leyenda de Aang	CL				0
1789150	tt0417299	2	Avatar: The Last Airbender	AE				0
1789151	tt0417299	20	Avatar: La leyenda de Aang	EC				0
1789152	tt0417299	21	Avatar: La leyenda de Aang	MX				0
1789153	tt0417299	22	Avatar: La leyenda de Aang	US	es			0
1789154	tt0417299	23	Avatar: Legenda o Aangovi	CZ				0
1789155	tt0417299	24	Avatar: Legenda o Aangovi	SK				0
1789156	tt0417299	25	Avatar. La leyenda de Aang	ES				0
1789157	tt0417299	26	Avatar. La leyenda de Aang	PE				0
1789158	tt0417299	27	Avatar	FI				0
1789159	tt0417299	28	Avatár - Aang legendája	HU				0
1789160	tt0417299	29	Avatar - Az utolsó léghajlító	HU				0
1789161	tt0417299	3	Avatar: The Last Airbender	AU				0
1789162	tt0417299	30	Avatar - Der Herr der Elemente	DE				0
1789163	tt0417299	31	Avatar - La leggenda di Aang	IT				0
1789164	tt0417299	32	Avatar - Legende van Aang	NL				0
1789165	tt0417299	33	Avatar - Legende van Aard	NL				0
1789166	tt0417299	34	Avatar - Legenden om Aang	SE				0
1789167	tt0417299	35	Avatar, el último maestro aire	ES				0
1789168	tt0417299	36	Avatar, le dernier maître de l'air	FR				0
1789169	tt0417299	37	Avatar: A Lenda de Aang	BR				0
1789170	tt0417299	38	Avatar: Den sidste luftbetvinger	DK				0
1789171	tt0417299	39	Avatar: l'últim mestre de l'aire	ES	ca			0
1789172	tt0417299	4	Avatar: The Last Airbender	CA	en			0
1789173	tt0417299	40	Avatar: Legenden om Aang	NO				0
1789174	tt0417299	41	Avatar: O Último Airbender	PT				0
1789175	tt0417299	42	Avatar: Posljednji gospodar vjetrova	HR				0
1789176	tt0417299	43	Avatar: Son Hava Bükücü	TR	tr			0
1789177	tt0417299	44	Avatar: The Legend of Aang	GB				0
1789178	tt0417299	45	Avatar: Viimane õhutaltsutaja	EE				0
1789179	tt0417299	46	Avataras	LT				0
1789180	tt0417299	47	Avatārs. Leģenda par Āngu	LV				0
1789181	tt0417299	48	Awatar: Legenda Aanga	PL				0
1789182	tt0417299	49	Nickelodeon Avatar: The Last Airbender	US				0
1789183	tt0417299	5	Avatar: The Last Airbender	CA	fr			0
1789184	tt0417299	50	Άβαταρ: Ο τελευταίος ανεμοδαμαστής	GR				0
1789185	tt0417299	51	Άβαταρ: Ο τελευταίος μαχητής του ανέμου	GR				0
1789186	tt0417299	52	Аватар: Аанг туралы аңыз	KZ				0
1789187	tt0417299	53	Аватар: Легенда об Аанге	RU				0
1789188	tt0417299	54	Аватар: Легендата за Анг	BG	bg			0
1789189	tt0417299	55	Аватар: Останній захисник	UA				0
1789190	tt0417299	56	Аватар: Последњи владар ветрова	RS				0
1789191	tt0417299	57	아바타 아앙의 전설	KR				0
1789192	tt0417299	58	アバター 伝説の少年アン	JP	ja			0
1789193	tt0417299	59	降世神通	TW				0
1789194	tt0417299	6	Avatar: The Last Airbender	EG	en			0
1789195	tt0417299	7	Avatar: The Last Airbender	GB				0
1789196	tt0417299	8	Avatar: The Last Airbender	HK	en			0
1789197	tt0417299	9	Avatar: The Last Airbender	ID	en			0
1891964	tt0473389	1	The Ron Clark Story					1
1891965	tt0473389	10	A diadal	HU				0
1891966	tt0473389	11	A História de Ron Clark	BR				0
1891967	tt0473389	12	Młodzi gniewni - historia Rona Clarka	PL				0
1891968	tt0473389	13	O thriamvos	GR				0
1891969	tt0473389	14	O Triunfo	BR				0
1891970	tt0473389	15	Povestea lui Ron Clark	RO				0
1891971	tt0473389	16	Trijumf	HR				0
1891972	tt0473389	17	Triumf	EE				0
1891973	tt0473389	18	Unidos para triunfar	ES				0
1891974	tt0473389	19	Історія Рона Кларка	UA				0
1891975	tt0473389	2	The Triumph	AU				0
1891976	tt0473389	20	Тријумф: Прича Рона Кларка	RS				0
1891977	tt0473389	21	Триумф: История Рона Кларка	RU				0
1891978	tt0473389	22	先生はあきらめない 〜ロン・クラーク物語〜	JP	ja			0
1891979	tt0473389	3	The Triumph	FR				0
1891980	tt0473389	4	The Triumph	GB				0
1891981	tt0473389	5	The Triumph	IN	en			0
1891982	tt0473389	6	The Triumph	PH	en			0
1891983	tt0473389	7	The Triumph	SE				0
1891984	tt0473389	8	The Ron Clark Story	CA	en			0
1891985	tt0473389	9	The Ron Clark Story	US				0
1907871	tt0482571	1	The Prestige					1
1907872	tt0482571	10	The Prestige	IN	en			0
1907873	tt0482571	11	The Prestige	IT				0
1907874	tt0482571	12	The Prestige	NL				0
1907875	tt0482571	13	The Prestige	NO				0
1907876	tt0482571	14	The Prestige	NZ	en			0
1907877	tt0482571	15	The Prestige	PH	en			0
1907878	tt0482571	16	The Prestige	SE				0
1907879	tt0482571	17	The Prestige	SG	en			0
1907880	tt0482571	18	The Prestige	US				0
1907881	tt0482571	19	The Prestige	ZA	en			0
1907882	tt0482571	2	The Prestige	AE				0
1907883	tt0482571	20	El gran truco	AR				0
1907884	tt0482571	21	El gran truco	EC				0
1907885	tt0482571	22	El gran truco	MX				0
1907886	tt0482571	23	El gran truco	PE				0
1907887	tt0482571	24	El gran truco	US	es			0
1907888	tt0482571	25	El gran truco	UY				0
1907889	tt0482571	26	El gran truco	VE				0
1907890	tt0482571	27	Престиж	BG	bg			0
1907891	tt0482571	28	Престиж	KZ				0
1907892	tt0482571	29	Престиж	RS				0
1907893	tt0482571	3	The Prestige	AU				0
1907894	tt0482571	30	Престиж	RU				0
1907895	tt0482571	31	Престиж	UA				0
1907896	tt0482571	32	Prestij	AZ				0
1907897	tt0482571	33	Prestij	TR	tr			0
1907898	tt0482571	34	Prestij	UZ				0
1907899	tt0482571	35	Dokonalý trik	CZ				0
1907900	tt0482571	36	Dokonalý trik	SK				0
1907901	tt0482571	37	プレステージ	JP				0
1907902	tt0482571	38	プレステージ	JP	ja			0
1907903	tt0482571	39	A tökéletes trükk	HU				0
1907904	tt0482571	4	The Prestige	CA	en			0
1907905	tt0482571	40	Ảo Thuật Gia Đấu Trí	VN				0
1907906	tt0482571	41	El truc final	ES	ca			0
1907907	tt0482571	42	El truco final (El prestigio)	ES				0
1907908	tt0482571	43	Ilūzija	LV				0
1907909	tt0482571	44	Le prestige	CA	fr			0
1907910	tt0482571	45	Le Prestige	FR				0
1907911	tt0482571	46	Lõppvaatus	EE				0
1907912	tt0482571	47	O Grande Truque	BR				0
1907913	tt0482571	48	O Terceiro Passo	PT				0
1907914	tt0482571	49	Prestige - Die Meister der Magie	DE				0
1907915	tt0482571	5	The Prestige	DK				0
1907916	tt0482571	50	Prestigiul	RO				0
1907917	tt0482571	51	Prestiž	HR				0
1907918	tt0482571	52	Prestiż	PL				0
1907919	tt0482571	53	Prestižas	LT				0
1907920	tt0482571	54	Puresutêji	JP				0
1907921	tt0482571	55	Rúsínan í pylsuendanum	IS				0
1907922	tt0482571	56	Skrivnostna sled	SI				0
1907923	tt0482571	57	Suek Mayakon Yut Lok	TH	th			0
1907924	tt0482571	58	Töframennirnir	IS				0
1907925	tt0482571	59	Youkra	IL	he			0
1907926	tt0482571	6	The Prestige	EG	en			0
1907927	tt0482571	60	Το γόητρο	GR				0
1907928	tt0482571	61	Το πρεστίζ	GR				0
1907929	tt0482571	62	जादू एक धोखा	IN	hi			0
1907930	tt0482571	63	프레스티지	KR				0
1907931	tt0482571	64	致命魔术	CN	cmn			0
1907932	tt0482571	65	頂尖對決	TW				0
1907933	tt0482571	7	The Prestige	GB				0
1907934	tt0482571	8	The Prestige	HK	en			0
1907935	tt0482571	9	The Prestige	ID	en			0
2799306	tt0773262	1	Dexter					1
2799307	tt0773262	10	Dexter	EE				0
2799308	tt0773262	11	Dexter	EG	en			0
2799309	tt0773262	12	Dexter	ES				0
2799310	tt0773262	13	Dexter	FI				0
2799311	tt0773262	14	Dexter	FR				0
2799312	tt0773262	15	Dexter	GB				0
2799313	tt0773262	16	Dexter	GR				0
2799314	tt0773262	17	Dexter	HK	en			0
2799315	tt0773262	18	Dexter	HR				0
2799316	tt0773262	19	Dexter	HU				0
2799317	tt0773262	2	Dexter	AR				0
2799318	tt0773262	20	Dexter	ID	en			0
2799319	tt0773262	21	Dexter	IN	en			0
2799320	tt0773262	22	Dexter	IN	hi			0
2799321	tt0773262	23	Dexter	IT				0
2799322	tt0773262	24	Dexter	MX				0
2799323	tt0773262	25	Dexter	NL				0
2799324	tt0773262	26	Dexter	PH	en			0
2799325	tt0773262	27	Dexter	PL				0
2799326	tt0773262	28	Dexter	RO				0
2799327	tt0773262	29	Dexter	SE				0
2799328	tt0773262	3	Dexter	AU				0
2799329	tt0773262	30	Dexter	SG	en			0
2799330	tt0773262	31	Dexter	SI				0
2799331	tt0773262	32	Dexter	TH	en			0
2799332	tt0773262	33	Dexter	TR	tr			0
2799333	tt0773262	34	Dexter	US				0
2799334	tt0773262	35	Dexter	ZA	en			0
2799335	tt0773262	36	Декстер	KZ				0
2799336	tt0773262	37	Декстер	MK				0
2799337	tt0773262	38	Декстер	RS				0
2799338	tt0773262	39	Декстер	RU				0
2799339	tt0773262	4	Dexter	BR				0
2799340	tt0773262	40	Декстер	UA				0
2799341	tt0773262	41	Dekster	AZ				0
2799342	tt0773262	42	Dekster	UZ				0
2799343	tt0773262	43	Deksteri	GE				0
2799344	tt0773262	44	Deksteris	LT				0
2799345	tt0773262	45	Deksters	LV				0
2799346	tt0773262	46	Thiên Thần Khát Máu	VN				0
2799347	tt0773262	47	Ντέξτερ	GR				0
2799348	tt0773262	48	Декстър	BG	bg			0
2799349	tt0773262	49	דקסטר	IL	en			0
2799350	tt0773262	5	Dexter	CA	en			0
2799351	tt0773262	50	ديكستر	AE				0
2799352	tt0773262	51	덱스터	KR				0
2799353	tt0773262	52	デクスター 警察官は殺人鬼	JP	ja			0
2799354	tt0773262	53	夢魘殺魔	TW				0
2799355	tt0773262	6	Dexter	CA	fr			0
2799356	tt0773262	7	Dexter	CZ				0
2799357	tt0773262	8	Dexter	DE				0
2799358	tt0773262	9	Dexter	EC				0
2925660	tt0816692	1	Interstellar					1
2925661	tt0816692	10	Interstellar	FR				0
2925662	tt0816692	11	Interstellar	GB				0
2925663	tt0816692	12	Interstellar	GR				0
2925664	tt0816692	13	Interstellar	HK	en			0
2925665	tt0816692	14	Interstellar	ID	en			0
2925666	tt0816692	15	Interstellar	IE	en			0
2925667	tt0816692	16	Interstellar	IL	en			0
2925668	tt0816692	17	Interstellar	IN	en			0
2925669	tt0816692	18	Interstellar	IN	hi			0
2925670	tt0816692	19	Interstellar	IT				0
2925671	tt0816692	2	Interstellar	AU				0
2925672	tt0816692	20	Interstellar	JP	en			0
2925673	tt0816692	21	Interstellar	NL				0
2925674	tt0816692	22	Interstellar	NZ	en			0
2925675	tt0816692	23	Interstellar	PH	en			0
2925676	tt0816692	24	Interstellar	PL				0
2925677	tt0816692	25	Interstellar	PT				0
2925678	tt0816692	26	Interstellar	SE				0
2925679	tt0816692	27	Interstellar	SG	en			0
2925680	tt0816692	28	Interstellar	US				0
2925681	tt0816692	29	Interstellar	UZ				0
2925682	tt0816692	3	Interstellar	CA	en			0
2925683	tt0816692	30	Interstellar	XWW	en			0
2925684	tt0816692	31	Interstellar	ZA	en			0
2925685	tt0816692	32	Interestelar	AR				0
2925686	tt0816692	33	Interestelar	BR				0
2925687	tt0816692	34	Interestelar	CL				0
2925688	tt0816692	35	Interestelar	CO				0
2925689	tt0816692	36	Interestelar	ES				0
2925690	tt0816692	37	Interestelar	MX				0
2925691	tt0816692	38	Interestelar	PE				0
2925692	tt0816692	39	Interestelar	US	es			0
2925693	tt0816692	4	Interstellar	CZ				0
2925694	tt0816692	40	Interestelar	UY				0
2925695	tt0816692	41	Интерстеллар	KZ				0
2925696	tt0816692	42	Интерстеллар	RU				0
2925697	tt0816692	43	Bein Kochavim	IL	he			0
2925698	tt0816692	44	Csillagok között	HU				0
2925699	tt0816692	45	Flora's Letter	US				0
2925700	tt0816692	46	Hố Đen Tử Thần	VN				0
2925701	tt0816692	47	Interestellar	VE				0
2925702	tt0816692	48	Interstelari	GE				0
2925703	tt0816692	49	Interstellaire	CA	fr			0
2925704	tt0816692	5	Interstellar	DE				0
2925705	tt0816692	50	Interstellar: Călătorind prin univers	RO				0
2925706	tt0816692	51	Interstellar: Thayan Dao Ku Lok	TH	th			0
2925707	tt0816692	52	Medzvezdje	SI				0
2925708	tt0816692	53	Mian Setareh-ei	IR	fa			0
2925709	tt0816692	54	Starp zvaigznēm	LV				0
2925710	tt0816692	55	Tähtedevaheline	EE				0
2925711	tt0816692	56	Tarp žvaigždžių	LT				0
2925712	tt0816692	57	Udhëtimi Ndëryjor	AL				0
2925713	tt0816692	58	Ulduzlararasi	AZ				0
2925714	tt0816692	59	Untitled Steven Spielberg Space Project	US				0
2925715	tt0816692	6	Interstellar	EC				0
2925716	tt0816692	60	Yıldızlararası	TR	tr			0
2925717	tt0816692	61	Yulduzlar aro	UZ				0
2925718	tt0816692	62	Интерстелар	BG	bg			0
2925719	tt0816692	63	Інтерстеллар	UA				0
2925720	tt0816692	64	Међузвездани	RS				0
2925721	tt0816692	65	بين النجوم	AE				0
2925722	tt0816692	66	인터스텔라	KR				0
2925723	tt0816692	67	インターステラー	JP	ja			0
2925724	tt0816692	68	星际穿越	CN	cmn			0
2925725	tt0816692	69	星際效應	TW				0
2925726	tt0816692	7	Interstellar	EG	en			0
2925727	tt0816692	70	星際啟示錄	HK	yue			0
2925728	tt0816692	71	Interstellar	US	en			0
2925729	tt0816692	8	Interstellar	ES				0
2925730	tt0816692	9	Interstellar	ES	ca			0
3191128	tt0903747	1	Breaking Bad					1
3191129	tt0903747	10	Breaking Bad	EG	en			0
3191130	tt0903747	11	Breaking Bad	ES				0
3191131	tt0903747	12	Breaking Bad	FR				0
3191132	tt0903747	13	Breaking Bad	GB				0
3191133	tt0903747	14	Breaking Bad	ID	en			0
3191134	tt0903747	15	Breaking Bad	IN	en			0
3191135	tt0903747	16	Breaking Bad	IN	hi			0
3191136	tt0903747	17	Breaking Bad	JP	en			0
3191137	tt0903747	18	Breaking Bad	KR				0
3191138	tt0903747	19	Breaking Bad	MX				0
3191139	tt0903747	2	Breaking Bad	AR				0
3191140	tt0903747	20	Breaking Bad	NL				0
3191141	tt0903747	21	Breaking Bad	PH	en			0
3191142	tt0903747	22	Breaking Bad	PL				0
3191143	tt0903747	23	Breaking Bad	SE				0
3191144	tt0903747	24	Breaking Bad	SG	en			0
3191145	tt0903747	25	Breaking Bad	TH	en			0
3191146	tt0903747	26	Breaking Bad	US				0
3191147	tt0903747	27	Breaking Bad	UY				0
3191148	tt0903747	28	Breaking Bad	ZA	en			0
3191149	tt0903747	29	Perníkový táta	CZ				0
3191150	tt0903747	3	Breaking Bad	AU				0
3191151	tt0903747	30	絕命毒師	HK	yue			0
3191152	tt0903747	31	絕命毒師	TW				0
3191153	tt0903747	32	Bad Biari	IR	fa			0
3191154	tt0903747	33	Bədbəxt	AZ				0
3191155	tt0903747	34	Biến Chất	VN				0
3191156	tt0903747	35	Breaking bad	RO				0
3191157	tt0903747	36	Breaking Bad - A Química do Mal	BR				0
3191158	tt0903747	37	Breaking Bad - Reazioni collaterali	IT				0
3191159	tt0903747	38	Breaking Bad: Ruptura Total	PT				0
3191160	tt0903747	39	Bręstantis blogis	LT				0
3191161	tt0903747	4	Breaking Bad	BE				0
3191162	tt0903747	40	Bureikingu baddo	JP				0
3191163	tt0903747	41	Egrilik sari	UZ				0
3191164	tt0903747	42	Halvale teele	EE				0
3191165	tt0903747	43	Kriva pota	SI				0
3191166	tt0903747	44	Mashaqqatlar sari	UZ				0
3191167	tt0903747	45	Na putu prema dolje	HR				0
3191168	tt0903747	46	Pārkāpt robežu	LV				0
3191169	tt0903747	47	Perníkový tatko	SK				0
3191170	tt0903747	48	Rompiendo Tus Límites Morales	ES				0
3191171	tt0903747	49	Ruptura Total	PT				0
3191172	tt0903747	5	Breaking Bad	BR				0
3191173	tt0903747	50	Shover shurot	IL	he			0
3191174	tt0903747	51	Tập Làm Người Xấu	VN				0
3191175	tt0903747	52	Totál szívás	HU				0
3191176	tt0903747	53	В обувките на Сатаната	BG	bg			0
3191177	tt0903747	54	Во все тяжкие	RU				0
3191178	tt0903747	55	Күнәға бату	KZ				0
3191179	tt0903747	56	Пуститися берега	UA				0
3191180	tt0903747	57	Чиста хемија	RS				0
3191181	tt0903747	58	اختلال ضال	AE				0
3191182	tt0903747	59	ブレイキング・バッド	JP	ja			0
3191183	tt0903747	6	Breaking Bad	CA	en			0
3191184	tt0903747	60	绝命毒师	CN	cmn			0
3191185	tt0903747	61	超越罪惡	TW				0
3191186	tt0903747	7	Breaking Bad	CA	fr			0
3191187	tt0903747	8	Breaking Bad	DE				0
3191188	tt0903747	9	Breaking Bad	EC				0
3198088	tt0905630	1	Redemption					1
3198089	tt0905630	2	Redemption	IE				0
3334410	tt0944947	1	Game of Thrones					1
3334411	tt0944947	10	Game of Thrones	EG	en			0
3334412	tt0944947	11	Game of Thrones	FR				0
3334413	tt0944947	12	Game of Thrones	GB				0
3334414	tt0944947	13	Game of Thrones	HK	en			0
3334415	tt0944947	14	Game of Thrones	ID	en			0
3334416	tt0944947	15	Game of Thrones	IL	en			0
3334417	tt0944947	16	Game of Thrones	IN	en			0
3334418	tt0944947	17	Game of Thrones	IN	hi			0
3334419	tt0944947	18	Game of Thrones	JP	en			0
3334420	tt0944947	19	Game of Thrones	MX				0
3334421	tt0944947	2	Game of Thrones	AR				0
3334422	tt0944947	20	Game of Thrones	NL				0
3334423	tt0944947	21	Game of Thrones	NZ	en			0
3334424	tt0944947	22	Game of Thrones	PH	en			0
3334425	tt0944947	23	Game of Thrones	SE				0
3334426	tt0944947	24	Game of Thrones	SG	en			0
3334427	tt0944947	25	Game of Thrones	TH	en			0
3334428	tt0944947	26	Game of Thrones	US				0
3334429	tt0944947	27	Game of Thrones	ZA	en			0
3334430	tt0944947	28	A Guerra dos Tronos	BR				0
3334431	tt0944947	29	A Guerra dos Tronos	PT				0
3334432	tt0944947	3	Game of Thrones	AU				0
3334433	tt0944947	30	GoT	US				0
3334434	tt0944947	31	GoT	XWW	en			0
3334435	tt0944947	32	Juego de tronos	ES				0
3334436	tt0944947	33	Juego de tronos	MX				0
3334437	tt0944947	34	Игра престолов	KZ	ru			0
3334438	tt0944947	35	Игра престолов	RU				0
3334439	tt0944947	36	A Song of Ice and Fire	US				0
3334440	tt0944947	37	Bazi-ye tajo takht	IR	fa			0
3334441	tt0944947	38	El Juego de Tronos	AR				0
3334442	tt0944947	39	Froni i shpatave	AL				0
3334443	tt0944947	4	Game of Thrones	BR				0
3334444	tt0944947	40	Game of Thrones - Le trône de fer	FR				0
3334445	tt0944947	41	Gra o tron	PL				0
3334446	tt0944947	42	Hra o tróny	SK				0
3334447	tt0944947	43	Hra o trůny	CZ				0
3334448	tt0944947	44	Igra prestolov	SI				0
3334449	tt0944947	45	Igra prijestolja	HR				0
3334450	tt0944947	46	Il trono di spade	IT				0
3334451	tt0944947	47	Jogo dos Tronos	BR				0
3334452	tt0944947	48	Le Trône de fer	CA	fr			0
3334453	tt0944947	49	Paihnidi tou stemmatos	GR				0
3334454	tt0944947	5	Game of Thrones	CA	en			0
3334455	tt0944947	50	Samefo Karis Tamashebi	GE				0
3334456	tt0944947	51	Sostų karai	LT				0
3334457	tt0944947	52	Taht Oyunları	TR	tr			0
3334458	tt0944947	53	Taxt o'yinlari	UZ				0
3334459	tt0944947	54	Taxt-tac oyunları	AZ				0
3334460	tt0944947	55	Taxtlar o'yini	UZ				0
3334461	tt0944947	56	Taxtların oyunu	AZ				0
3334462	tt0944947	57	Trò Chơi Vương Quyền	VN				0
3334463	tt0944947	58	Trónok harca	HU				0
3334464	tt0944947	59	Troņu spēle	LV				0
3334465	tt0944947	6	Game of Thrones	CA	fr			0
3334466	tt0944947	60	Troonide mäng	EE				0
3334467	tt0944947	61	Urzeala tronurilor	RO				0
3334468	tt0944947	62	Παιχνίδι του στέμματος	GR				0
3334469	tt0944947	63	Гра престолів	UA				0
3334470	tt0944947	64	Игра на тронове	BG	bg			0
3334471	tt0944947	65	Игра на тронови	MK				0
3334472	tt0944947	66	Игра престола	RS				0
3334473	tt0944947	67	Тақтар ойыны	KZ				0
3334474	tt0944947	68	صراع العروش	AE				0
3334475	tt0944947	69	왕좌의 게임	KR				0
3334476	tt0944947	7	Game of Thrones	CL				0
3334477	tt0944947	70	ゲーム・オブ・スローンズ	JP	ja			0
3334478	tt0944947	71	冰與火之歌：權力遊戲	TW				0
3334479	tt0944947	72	权力的游戏	CN	cmn			0
3334480	tt0944947	8	Game of Thrones	DE				0
3334481	tt0944947	9	Game of Thrones	EC				0
3485562	tt0993846	1	The Wolf of Wall Street					1
3485563	tt0993846	10	The Wolf of Wall Street	HK	en			0
3485564	tt0993846	11	The Wolf of Wall Street	ID	en			0
3485565	tt0993846	12	The Wolf of Wall Street	IE	en			0
3485566	tt0993846	13	The Wolf of Wall Street	IL	en			0
3485567	tt0993846	14	The Wolf of Wall Street	IN	en			0
3485568	tt0993846	15	The Wolf of Wall Street	IN	hi			0
3485569	tt0993846	16	The Wolf of Wall Street	IT				0
3485570	tt0993846	17	The Wolf of Wall Street	JM	en			0
3485571	tt0993846	18	The Wolf of Wall Street	JP	en			0
3485572	tt0993846	19	The Wolf of Wall Street	MY	en			0
3485573	tt0993846	2	The Wolf of Wall Street	AE				0
3485574	tt0993846	20	The Wolf of Wall Street	NL				0
3485575	tt0993846	21	The Wolf of Wall Street	NZ	en			0
3485576	tt0993846	22	The Wolf of Wall Street	PH	en			0
3485577	tt0993846	23	The Wolf of Wall Street	PK	en			0
3485578	tt0993846	24	The Wolf of Wall Street	SE				0
3485579	tt0993846	25	The Wolf of Wall Street	SG	en			0
3485580	tt0993846	26	The Wolf of Wall Street	TH	en			0
3485581	tt0993846	27	The Wolf of Wall Street	US				0
3485582	tt0993846	28	The Wolf of Wall Street	XWW	en			0
3485583	tt0993846	29	The Wolf of Wall Street	ZA	en			0
3485584	tt0993846	3	The Wolf of Wall Street	AU				0
3485585	tt0993846	30	El lobo de Wall Street	AR				0
3485586	tt0993846	31	El lobo de Wall Street	CL				0
3485587	tt0993846	32	El lobo de Wall Street	CO				0
3485588	tt0993846	33	El lobo de Wall Street	EC				0
3485589	tt0993846	34	El lobo de Wall Street	ES				0
3485590	tt0993846	35	El lobo de Wall Street	MX				0
3485591	tt0993846	36	El lobo de Wall Street	PE				0
3485592	tt0993846	37	El lobo de Wall Street	US	es			0
3485593	tt0993846	38	El lobo de Wall Street	UY				0
3485594	tt0993846	39	O Lobo de Wall Street	BR				0
3485595	tt0993846	4	The Wolf of Wall Street	BD	en			0
3485596	tt0993846	40	O Lobo de Wall Street	PT				0
3485597	tt0993846	41	Vlk z Wall Street	CZ				0
3485598	tt0993846	42	Vlk z Wall Street	SK				0
3485599	tt0993846	43	Волк с Уолл-стрит	KZ	ru			0
3485600	tt0993846	44	Волк с Уолл-стрит	RU				0
3485601	tt0993846	45	A Wall Street farkasa	HU				0
3485602	tt0993846	46	Gorg-e Wall Street	IR	fa			0
3485603	tt0993846	47	Ha'ze'ev mi'Wall Street	IL	he			0
3485604	tt0993846	48	Le loup de Wall Street	CA	fr			0
3485605	tt0993846	49	Le Loup de Wall Street	FR				0
3485606	tt0993846	5	The Wolf of Wall Street	BE	en			0
3485607	tt0993846	50	Lupul de pe Wall Street	RO				0
3485608	tt0993846	51	Para Avcısı	TR	tr			0
3485609	tt0993846	52	Sói Già Phố Wall	VN				0
3485610	tt0993846	53	Uoll-strit bo'risi	UZ				0
3485611	tt0993846	54	Uoll-strit canavarı	AZ				0
3485612	tt0993846	55	Volk z Wall Streeta	SI				0
3485613	tt0993846	56	Volstrītas vilks	LV				0
3485614	tt0993846	57	Volstryto vilkas	LT				0
3485615	tt0993846	58	Vuk s Wall Streeta	HR				0
3485616	tt0993846	59	Wall Streeti hunt	EE				0
3485617	tt0993846	6	The Wolf of Wall Street	CA	en			0
3485618	tt0993846	60	Wilk z Wall Street	PL				0
3485619	tt0993846	61	Ο λύκος της Wall Street	GR				0
3485620	tt0993846	62	Ο λύκος της Γουόλ Στριτ	GR				0
3485621	tt0993846	63	Вовк з Волл-стріт	UA				0
3485622	tt0993846	64	Вук са Вол стрита	RS				0
3485623	tt0993846	65	Вълкът от Уолстрийт	BG	bg			0
3485624	tt0993846	66	Уолл-стрит қасқыры	KZ				0
3485625	tt0993846	67	더 울프 오브 월 스트리트	KR				0
3485626	tt0993846	68	ウルフ・オブ・ウォールストリート	JP	ja			0
3485627	tt0993846	69	华尔街之狼	CN	cmn			0
3485628	tt0993846	7	The Wolf of Wall Street	DE				0
3485629	tt0993846	70	華爾街之狼	TW				0
3485630	tt0993846	71	華爾街狼人	HK	yue			0
3485631	tt0993846	72	The Wolf of Wall Street	US	en			0
3485632	tt0993846	8	The Wolf of Wall Street	EG	en			0
3485633	tt0993846	9	The Wolf of Wall Street	GB				0
3528273	tt1000771	1	Recount					1
3528274	tt1000771	10	Recuento	PH	es			0
3528275	tt1000771	11	Recomptage	CA	fr			0
3528276	tt1000771	12	Recomptage	FR				0
3528277	tt1000771	13	Alegeri americane	RO				0
3528278	tt1000771	14	Decydujący głos	PL				0
3528279	tt1000771	15	El recuento	ES				0
3528280	tt1000771	16	Erzählen	DE				0
3528281	tt1000771	17	Omräkningen	FI	sv			0
3528282	tt1000771	18	Oyun	TR	tr			0
3528283	tt1000771	19	Raccontare	IT				0
3528284	tt1000771	2	Recount	AU				0
3528285	tt1000771	20	Recontagem	BR				0
3528286	tt1000771	21	Recount - Florida zählt nach	DE				0
3528287	tt1000771	22	Recount: The Story of the 2000 Presidential Election	US				0
3528288	tt1000771	23	Recount: Η καταμέτρηση	GR				0
3528289	tt1000771	24	Sai shūkei	JP				0
3528290	tt1000771	25	Tái Kiểm Phiếu	VN				0
3528291	tt1000771	26	Újraszámlálás	HU				0
3528292	tt1000771	27	Ülelugemine	EE				0
3528293	tt1000771	28	Uudelleenlaskenta	FI				0
3528294	tt1000771	29	Пересчет	RU				0
3528295	tt1000771	3	Recount	CA	en			0
3528296	tt1000771	30	ब्योरा	IN	hi			0
3528297	tt1000771	31	リカウント	JP	ja			0
3528298	tt1000771	32	鹿死誰手	TW				0
3528299	tt1000771	4	Recount	GB				0
3528300	tt1000771	5	Recount	HK	en			0
3528301	tt1000771	6	Recount	IN	en			0
3528302	tt1000771	7	Recount	US				0
3528303	tt1000771	8	Recuento	AR				0
3528304	tt1000771	9	Recuento	MX				0
3633087	tt10048342	1	The Queen's Gambit					1
3633088	tt10048342	10	The Queen's Gambit	NL				0
3633089	tt10048342	11	The Queen's Gambit	PH	en			0
3633090	tt10048342	12	The Queen's Gambit	SE				0
3633091	tt10048342	13	The Queen's Gambit	SG	en			0
3633092	tt10048342	14	The Queen's Gambit	TH	en			0
3633093	tt10048342	15	The Queen's Gambit	US				0
3633094	tt10048342	16	The Queen's Gambit	ZA	en			0
3633095	tt10048342	17	Gambito de dama	AR				0
3633096	tt10048342	18	Gambito de dama	EC				0
3633097	tt10048342	19	Gambito de dama	ES				0
3633098	tt10048342	2	The Queen's Gambit	AU				0
3633099	tt10048342	20	Gambito de dama	MX				0
3633100	tt10048342	21	Das Damengambit	AT				0
3633101	tt10048342	22	Das Damengambit	CH	de			0
3633102	tt10048342	23	Das Damengambit	DE				0
3633103	tt10048342	24	Dronninggambit	DK				0
3633104	tt10048342	25	Dronninggambit	NO				0
3633105	tt10048342	26	Le jeu de la dame	CA	fr			0
3633106	tt10048342	27	Le jeu de la dame	CH	fr			0
3633107	tt10048342	28	Дамин гамбит	BA	sr			0
3633108	tt10048342	29	Дамин гамбит	RS				0
3633109	tt10048342	3	The Queen's Gambit	CA	en			0
3633110	tt10048342	30	后翼棄兵	HK	yue			0
3633111	tt10048342	31	后翼棄兵	TW				0
3633112	tt10048342	32	A vezércsel	HU				0
3633113	tt10048342	33	Damin gambit	HR				0
3633114	tt10048342	34	Dámsky gambit	SK				0
3633115	tt10048342	35	Dámský gambit	CZ				0
3633116	tt10048342	36	Gambit Hậu	VN				0
3633117	tt10048342	37	Gambit królowej	PL				0
3633118	tt10048342	38	Gambito de Dama	PT				0
3633119	tt10048342	39	Gambito de reina	MX				0
3633120	tt10048342	4	The Queen's Gambit	EG	en			0
3633121	tt10048342	40	Gambitul damei	RO				0
3633122	tt10048342	41	La regina degli scacchi	IT				0
3633123	tt10048342	42	Le Jeu de la dame	FR				0
3633124	tt10048342	43	Malikaning gambiti	UZ				0
3633125	tt10048342	44	Musta kuningatar	FI				0
3633126	tt10048342	45	O Gambito da Rainha	BR				0
3633127	tt10048342	46	Rani ki chaal	IN	hi			0
3633128	tt10048342	47	Valdovės gambitas	LT				0
3633129	tt10048342	48	Το γκαμπί της βασίλισσας	GR				0
3633130	tt10048342	49	Дамски гамбит	BG	bg			0
3633131	tt10048342	5	The Queen's Gambit	GB				0
3633132	tt10048342	50	Ферзевий гамбіт	UA				0
3633133	tt10048342	51	Ход королевы	RU				0
3633134	tt10048342	52	مناورة الملكة	AE				0
3633135	tt10048342	53	퀸스 갬빗	KR				0
3633136	tt10048342	54	クイーンズ・ギャンビット	JP	ja			0
3633137	tt10048342	55	后翼弃兵	CN	cmn			0
3633138	tt10048342	56	女王的开局	CN	cmn			0
3633139	tt10048342	57	女王的棋局	CN	cmn			0
3633140	tt10048342	6	The Queen's Gambit	ID	en			0
3633141	tt10048342	7	The Queen's Gambit	IL	en			0
3633142	tt10048342	8	The Queen's Gambit	IN	en			0
3633143	tt10048342	9	The Queen's Gambit	IN	hi			0
4981341	tt10574558	1	Midnight Mass					1
4981342	tt10574558	10	Midnight Mass	IN	hi			0
4981343	tt10574558	11	Midnight Mass	IT				0
4981344	tt10574558	12	Midnight Mass	NL				0
4981345	tt10574558	13	Midnight Mass	PH	en			0
4981346	tt10574558	14	Midnight Mass	SE				0
4981347	tt10574558	15	Midnight Mass	SG	en			0
4981348	tt10574558	16	Midnight Mass	TH	en			0
4981349	tt10574558	17	Midnight Mass	US				0
4981350	tt10574558	18	Midnight Mass	ZA	en			0
4981351	tt10574558	19	Misa de medianoche	AR				0
4981352	tt10574558	2	Midnight Mass	AU				0
4981353	tt10574558	20	Misa de medianoche	EC				0
4981354	tt10574558	21	Misa de medianoche	ES				0
4981355	tt10574558	22	Misa de medianoche	MX				0
4981356	tt10574558	23	Misa de medianoche	VE				0
4981357	tt10574558	24	Sermons de minuit	CA	fr			0
4981358	tt10574558	25	Sermons de minuit	FR				0
4981359	tt10574558	26	午夜彌撒	HK	yue			0
4981360	tt10574558	27	午夜彌撒	TW				0
4981361	tt10574558	28	Gece Yarısı Ayini	TR	tr			0
4981362	tt10574558	29	Midnight mass					0
4981363	tt10574558	3	Midnight Mass	CA	en			0
4981364	tt10574558	30	Mise éjfélkor	HU				0
4981365	tt10574558	31	Missa da Meia-Noite	BR				0
4981366	tt10574558	32	Nocna msza	PL				0
4981367	tt10574558	33	Polnočná omša	SK				0
4981368	tt10574558	34	Půlnoční mše	CZ				0
4981369	tt10574558	35	Slujba de la miezul nopții	RO				0
4981370	tt10574558	36	Thánh Lễ Ác Mộng	VN				0
4981371	tt10574558	37	Опівнічна меса	UA				0
4981372	tt10574558	38	Полуночная месса	RU				0
4981373	tt10574558	39	Поноћна миса	RS				0
4981374	tt10574558	4	Midnight Mass	DE				0
4981375	tt10574558	40	قدّاس منتصف الليل	AE				0
4981376	tt10574558	41	어둠 속의 미사	KR				0
4981377	tt10574558	42	午夜弥撒	CN	cmn			0
4981378	tt10574558	43	真夜中のミサ	JP	ja			0
4981379	tt10574558	5	Midnight Mass	EG	en			0
4981380	tt10574558	6	Midnight Mass	GB				0
4981381	tt10574558	7	Midnight Mass	ID	en			0
4981382	tt10574558	8	Midnight Mass	IL	en			0
4981383	tt10574558	9	Midnight Mass	IN	en			0
6918972	tt1132623	1	You Don't Know Jack					1
6918973	tt1132623	10	Doktor Kevorkians utvei	NO				0
6918974	tt1132623	11	Doktor Ölüm	TR	tr			0
6918975	tt1132623	12	Dr. Halál	HU				0
6918976	tt1132623	13	Ein Leben für den Tod	DE				0
6918977	tt1132623	14	Historien om Doktor Död	SE				0
6918978	tt1132623	15	Jack, jakiego nie znacie	PL				0
6918979	tt1132623	16	Jus nepažįstate Džeko	LT				0
6918980	tt1132623	17	La vérité sur Jack	FR				0
6918981	tt1132623	18	Ne poznajete vi Jacka	HR				0
6918982	tt1132623	19	Ninguém Conhece Jack	PT				0
6918983	tt1132623	2	You Don't Know Jack	AR				0
6918984	tt1132623	20	Sa ei tunne Jacki	EE				0
6918985	tt1132623	21	Untitled Jack Kevorkian Project	US				0
6918986	tt1132623	22	Você Não Conhece Jack	BR				0
6918987	tt1132623	23	You Don't Know Jack - Il dottor morte	IT				0
6918988	tt1132623	24	Δόκτωρ θάνατος	GR				0
6918989	tt1132623	25	Ви не знаєте Джека	UA				0
6918990	tt1132623	26	Вы не знаете Джека	RU				0
6918991	tt1132623	27	Не знате ви Џека	RS				0
6918992	tt1132623	28	Не познавате Джак	BG	bg			0
6918993	tt1132623	29	死を処方する男 ジャック・ケヴォーキアンの真実	JP	ja			0
6918994	tt1132623	3	You Don't Know Jack	AU				0
6918995	tt1132623	30	死亡醫生	TW				0
6918996	tt1132623	4	You Don't Know Jack	GB				0
6918997	tt1132623	5	You Don't Know Jack	US				0
6918998	tt1132623	6	No conoces a Jack	ES				0
6918999	tt1132623	7	No conoces a Jack	MX				0
6919000	tt1132623	8	Bạn không hiểu về Jack	VN				0
6919001	tt1132623	9	Doctorul 'Moarte'	RO				0
8440016	tt1190634	1	The Boys					1
8440017	tt1190634	10	The Boys	EG	en			0
8440018	tt1190634	11	The Boys	ES				0
8440019	tt1190634	12	The Boys	FR				0
8440020	tt1190634	13	The Boys	GB				0
8440021	tt1190634	14	The Boys	HK	en			0
8440022	tt1190634	15	The Boys	ID	en			0
8440023	tt1190634	16	The Boys	IE	en			0
8440024	tt1190634	17	The Boys	IL	en			0
8440025	tt1190634	18	The Boys	IN	en			0
8440026	tt1190634	19	The Boys	IN	hi			0
8440027	tt1190634	2	The Boys	AE				0
8440028	tt1190634	20	The Boys	IT				0
8440029	tt1190634	21	The Boys	JP	en			0
8440030	tt1190634	22	The Boys	MX				0
8440031	tt1190634	23	The Boys	NL				0
8440032	tt1190634	24	The Boys	PH	en			0
8440033	tt1190634	25	The Boys	PK	en			0
8440034	tt1190634	26	The Boys	PL				0
8440035	tt1190634	27	The Boys	SE				0
8440036	tt1190634	28	The Boys	SG	en			0
8440037	tt1190634	29	The Boys	TH	en			0
8440038	tt1190634	3	The Boys	AR				0
8440039	tt1190634	30	The Boys	TR	tr			0
8440040	tt1190634	31	The Boys	US				0
8440041	tt1190634	32	The Boys	XWW	en			0
8440042	tt1190634	33	The Boys	ZA	en			0
8440043	tt1190634	34	A Fiúk	HU				0
8440044	tt1190634	35	Banda	CZ				0
8440045	tt1190634	36	Chlapci	SK				0
8440046	tt1190634	37	Dečki	HR				0
8440047	tt1190634	38	Kluci	CZ				0
8440048	tt1190634	39	Os Guri	BR				0
8440049	tt1190634	4	The Boys	AU				0
8440050	tt1190634	40	Siêu Anh Hùng Phá Hoại	VN				0
8440051	tt1190634	41	Yigitlar	UZ				0
8440052	tt1190634	42	Σώμα δίωξης υπερηρώων	GR				0
8440053	tt1190634	43	Дечаци	RS				0
8440054	tt1190634	44	Момчетата	BG	bg			0
8440055	tt1190634	45	Пацаны	RU				0
8440056	tt1190634	46	Хлопаки	UA				0
8440057	tt1190634	47	Хлопчаки	UA				0
8440058	tt1190634	48	더 보이즈	KR				0
8440059	tt1190634	49	ザ・ボーイズ	JP	ja			0
8440060	tt1190634	5	The Boys	BR				0
8440061	tt1190634	50	黑袍糾察隊	TW				0
8440062	tt1190634	51	The Boys	US	en			0
8440063	tt1190634	6	The Boys	CA	en			0
8440064	tt1190634	7	The Boys	CA	fr			0
8440065	tt1190634	8	The Boys	DE				0
8440066	tt1190634	9	The Boys	EC				0
8786207	tt1204265	1	Sozin's Comet, Part 4: Avatar Aang					1
8786208	tt1204265	2	Sozin's Comet, Part 4: Avatar Aang	US				0
9142161	tt12187040	1	Plan and Execution					1
9142162	tt12187040	2	Plan and Execution	US				0
10575903	tt1278469	1	Temple Grandin					1
10575904	tt1278469	10	Temple Grandin	US				0
10575905	tt1278469	11	Chuyện Của Temple Grandin	VN				0
10575906	tt1278469	12	Du gehst nicht allein	DE				0
10575907	tt1278469	13	Temple Grandin - Una donna straordinaria	IT				0
10575908	tt1278469	14	Temple Grandin：在图像中思考	CN	cmn			0
10575909	tt1278469	15	Ζωή σαν τριαντάφυλλο	GR				0
10575910	tt1278469	16	Темпл Ґрандін	UA				0
10575911	tt1278469	17	Темпъл Грандин	BG	bg			0
10575912	tt1278469	18	Тэмпл Грандин	RU				0
10575913	tt1278469	19	唐普尔·格兰丁	CN	cmn			0
10575914	tt1278469	2	Temple Grandin	AR				0
10575915	tt1278469	20	坦普尔·葛兰汀	CN	cmn			0
10575916	tt1278469	21	天宝·葛兰汀	CN	cmn			0
10575917	tt1278469	22	星星的孩子	TW				0
10575918	tt1278469	23	自闭人生	CN	cmn			0
10575919	tt1278469	24	自闭历程	CN	cmn			0
10575920	tt1278469	3	Temple Grandin	CA	en			0
10575921	tt1278469	4	Temple Grandin	CA	fr			0
10575922	tt1278469	5	Temple Grandin	FR				0
10575923	tt1278469	6	Temple Grandin	GB				0
10575924	tt1278469	7	Temple Grandin	HU				0
10575925	tt1278469	8	Temple Grandin	IN	en			0
10575926	tt1278469	9	Temple Grandin	SE				0
12975385	tt1375666	1	Inception					1
12975386	tt1375666	10	Inception	GB				0
12975387	tt1375666	11	Inception	GR				0
12975388	tt1375666	12	Inception	ID	en			0
12975389	tt1375666	13	Inception	IN	en			0
12975390	tt1375666	14	Inception	IT				0
12975391	tt1375666	15	Inception	JP				0
12975392	tt1375666	16	Inception	NL				0
12975393	tt1375666	17	Inception	PH	en			0
12975394	tt1375666	18	Inception	SE				0
12975395	tt1375666	19	Inception	SG	en			0
12975396	tt1375666	2	Inception	AE				0
12975397	tt1375666	20	Inception	US				0
12975398	tt1375666	21	Inception	XWW	en			0
12975399	tt1375666	22	Inception	ZA	en			0
12975400	tt1375666	23	El origen	AR				0
12975401	tt1375666	24	El origen	CL				0
12975402	tt1375666	25	El origen	CO				0
12975403	tt1375666	26	El origen	EC				0
12975404	tt1375666	27	El origen	MX				0
12975405	tt1375666	28	El origen	PE				0
12975406	tt1375666	29	El origen	US	es			0
12975407	tt1375666	3	Inception	AU				0
12975408	tt1375666	30	El origen	UY				0
12975409	tt1375666	31	A Origem	BR				0
12975410	tt1375666	32	A Origem	PT				0
12975411	tt1375666	33	Origen	ES				0
12975412	tt1375666	34	Origen	ES	ca			0
12975413	tt1375666	35	Начало	KZ	ru			0
12975414	tt1375666	36	Начало	RU				0
12975415	tt1375666	37	Aghaz Ideh	IR	fa			0
12975416	tt1375666	38	Algus	EE				0
12975417	tt1375666	39	Başlangıç	TR	tr			0
12975418	tt1375666	4	Inception	BE				0
12975419	tt1375666	40	Dasatskisi	GE				0
12975420	tt1375666	41	Eredet	HU				0
12975421	tt1375666	42	Hat'hala	IL	he			0
12975422	tt1375666	43	Incepcja	PL				0
12975423	tt1375666	44	Inception: The IMAX Experience	US				0
12975424	tt1375666	45	Începutul	RO				0
12975425	tt1375666	46	Izvor	SI				0
12975426	tt1375666	47	Jit Phi Khat Lôk	TH	th			0
12975427	tt1375666	48	Kẻ Đánh Cắp Giấc Mơ	VN				0
12975428	tt1375666	49	Muqaddima	UZ				0
12975429	tt1375666	5	Inception	CA	en			0
12975430	tt1375666	50	Oliver's Arrow	US				0
12975431	tt1375666	51	Origine	CA	fr			0
12975432	tt1375666	52	Pirmsākums	LV				0
12975433	tt1375666	53	Počátek	CZ				0
12975434	tt1375666	54	Početak	HR				0
12975435	tt1375666	55	Počiatok	SK				0
12975436	tt1375666	56	Pradžia	LT				0
12975437	tt1375666	57	Thanavu Vettai: Vettai Arrambam...	IN	ta			0
12975438	tt1375666	58	Ý Tưởng Khởi Nguồn	VN				0
12975439	tt1375666	59	Οι ονειροπαγιδευτές	GR				0
12975440	tt1375666	6	Inception	DE				0
12975441	tt1375666	60	Генезис	BG	bg			0
12975442	tt1375666	61	Початок	UA				0
12975443	tt1375666	62	Почетак	RS				0
12975444	tt1375666	63	चक्रव्युह	IN	hi			0
12975445	tt1375666	64	인셉션	KR				0
12975446	tt1375666	65	インセプション	JP	ja			0
12975447	tt1375666	66	全面啟動	TW				0
12975448	tt1375666	67	潛行凶間	HK	yue			0
12975449	tt1375666	68	盗梦空间	CN	cmn			0
12975450	tt1375666	69	Inception	US	en			0
12975451	tt1375666	7	Inception	DK				0
12975452	tt1375666	8	Inception	EG	en			0
12975453	tt1375666	9	Inception	FR				0
14637620	tt1444421	1	The Getaway					1
14637621	tt1444421	2	The Getaway	US				0
19396707	tt1683088	1	Face Off					1
19396708	tt1683088	2	Face Off	US				0
19399942	tt1684226	1	The Normal Heart					1
19399943	tt1684226	10	Normali širdis	LT				0
19399944	tt1684226	11	O inima normala	RO				0
19399945	tt1684226	12	Odruch serca	PL				0
19399946	tt1684226	13	Stejná srdce	CZ				0
19399947	tt1684226	14	Terve süda	EE				0
19399948	tt1684226	15	Tuntematon vihollinen	FI				0
19399949	tt1684226	16	Um Coração Normal	PT				0
19399950	tt1684226	17	Un coeur normal	CA	fr			0
19399951	tt1684226	18	Un corazón normal	AR				0
19399952	tt1684226	19	Нормално срце	RS				0
19399953	tt1684226	2	The Normal Heart	BR				0
19399954	tt1684226	20	Нормално сърце	BG	bg			0
19399955	tt1684226	21	Обыкновенное сердце	RU				0
19399956	tt1684226	22	ノーマル・ハート	JP				0
19399957	tt1684226	23	血熱之心	TW				0
19399958	tt1684226	3	The Normal Heart	CA	en			0
19399959	tt1684226	4	The Normal Heart	DE				0
19399960	tt1684226	5	The Normal Heart	GB				0
19399961	tt1684226	6	The Normal Heart	SE				0
19399962	tt1684226	7	The Normal Heart	US				0
19399963	tt1684226	8	Det normala hjärtat	FI	sv			0
19399964	tt1684226	9	Igaz szívvel	HU				0
21455284	tt1933667	1	The Wizard of Lies					1
21455285	tt1933667	10	Le magicien des mensonges	CA	fr			0
21455286	tt1933667	11	Madoff: Teia de Mentiras	PT				0
21455287	tt1933667	12	O Mago das Mentiras	BR				0
21455288	tt1933667	13	The Wizard of Lies - Das Lügengenie	DE				0
21455289	tt1933667	14	Valede võlur	EE				0
21455290	tt1933667	15	Vrajitorul minciunilor	RO				0
21455291	tt1933667	16	Wizard of Lies	IT				0
21455292	tt1933667	17	Yalanlar Büyücüsü	TR	tr			0
21455293	tt1933667	18	Η απάτη του αιώνα	GR				0
21455294	tt1933667	19	Лжец, Великий и Ужасный	RU				0
21455295	tt1933667	2	The Wizard of Lies	CA	en			0
21455296	tt1933667	20	Магьосникът на лъжите	BG	bg			0
21455297	tt1933667	21	Маестро брехні	UA				0
21455298	tt1933667	22	ウィザード・オブ・ライズ	JP	ja			0
21455299	tt1933667	23	嘘の天才～史上最大の金融詐欺～ウィザード・オブ・ライズ	JP	ja			0
21455300	tt1933667	24	龐氏騙局	TW				0
21455301	tt1933667	3	The Wizard of Lies	ES				0
21455302	tt1933667	4	The Wizard of Lies	GB				0
21455303	tt1933667	5	The Wizard of Lies	US				0
21455304	tt1933667	6	Arcyoszust	PL				0
21455305	tt1933667	7	Čarobnjak za laži	RS				0
21455306	tt1933667	8	Čarovnik za laži	SI				0
21455307	tt1933667	9	Hazugságok mágusa	HU				0
21653358	tt1950186	1	Ford v Ferrari					1
21653359	tt1950186	10	Ford v Ferrari	PH	en			0
21653360	tt1950186	11	Ford v Ferrari	SG	en			0
21653361	tt1950186	12	Ford v Ferrari	TH	en			0
21653362	tt1950186	13	Ford v Ferrari	US				0
21653363	tt1950186	14	Ford v Ferrari	US	en			0
21653364	tt1950186	15	Ford v Ferrari	ZA	en			0
21653365	tt1950186	16	Le Mans '66	CZ				0
21653366	tt1950186	17	Le Mans '66	DK				0
21653367	tt1950186	18	Le Mans '66	ES				0
21653368	tt1950186	19	Le Mans '66	FR				0
21653369	tt1950186	2	Ford v Ferrari	AE				0
21653370	tt1950186	20	Le Mans '66	GB				0
21653371	tt1950186	21	Le Mans '66	IE	en			0
21653372	tt1950186	22	Le Mans '66	LU	fr			0
21653373	tt1950186	23	Le Mans '66	NL				0
21653374	tt1950186	24	Le Mans '66	NO				0
21653375	tt1950186	25	Le Mans '66	PL				0
21653376	tt1950186	26	Le Mans '66	SE				0
21653377	tt1950186	27	Le Mans '66	SK				0
21653378	tt1950186	28	Contra lo imposible	AR				0
21653379	tt1950186	29	Contra lo imposible	CL				0
21653380	tt1950186	3	Ford v Ferrari	AU				0
21653381	tt1950186	30	Contra lo imposible	CO				0
21653382	tt1950186	31	Contra lo imposible	EC				0
21653383	tt1950186	32	Contra lo imposible	MX				0
21653384	tt1950186	33	Contra lo imposible	PE				0
21653385	tt1950186	34	Contra lo imposible	US	es			0
21653386	tt1950186	35	Contra lo imposible	UY				0
21653387	tt1950186	36	Ford v. Ferrari	IN	en			0
21653388	tt1950186	37	Ford v. Ferrari	NZ	en			0
21653389	tt1950186	38	Ford против Ferrari	KZ	ru			0
21653390	tt1950186	39	Ford против Ferrari	RU				0
21653391	tt1950186	4	Ford v Ferrari	CA	en			0
21653392	tt1950186	40	Le Mans 66	EE				0
21653393	tt1950186	41	Le Mans 66	FR				0
21653394	tt1950186	42	Le Mans 66 - Gegen jede Chance	AT				0
21653395	tt1950186	43	Le Mans 66 - Gegen jede Chance	DE				0
21653396	tt1950186	44	Asfaltın Kralları	TR	tr			0
21653397	tt1950186	45	Az aszfalt királyai	HU				0
21653398	tt1950186	46	Cuộc Đua Lịch Sử	VN				0
21653399	tt1950186	47	Ford contre Ferrari	CA	fr			0
21653400	tt1950186	48	Ford Ferrariga qarshi	UZ				0
21653401	tt1950186	49	Ford Neged Ferrari	IL	he			0
21653402	tt1950186	5	Ford v Ferrari	EG	en			0
21653403	tt1950186	50	Ford v Ferrari: Cuộc Đua Lịch Sử	VN				0
21653404	tt1950186	51	Ford v Ferrari: The IMAX 2D Experience	CA	en			0
21653405	tt1950186	52	Ford Versus Ferrari	XWW	en			0
21653406	tt1950186	53	Ford vs. Ferrari	BR				0
21653407	tt1950186	54	Ford εναντίον Ferrari	GR				0
21653408	tt1950186	55	Go Like Hell					0
21653409	tt1950186	56	Izazivač: Le Mans '66.	HR				0
21653410	tt1950186	57	Izzivalca	SI				0
21653411	tt1950186	58	Kings of the Road					0
21653412	tt1950186	59	Le Manas'66. Plento karaliai	LT				0
21653413	tt1950186	6	Ford v Ferrari	ID	en			0
21653414	tt1950186	60	Le Mans '66 - La grande sfida	IT				0
21653415	tt1950186	61	Le Mans '66: O Duelo	PT				0
21653416	tt1950186	62	Le Mans 66 - täydellä teholla	FI				0
21653417	tt1950186	63	Le Mans 66: Gegen jede Chance	DE				0
21653418	tt1950186	64	Lemāna-'66: Lielais izaicinājums	LV				0
21653419	tt1950186	65	Marea provocare: Le Mans '66	RO				0
21653420	tt1950186	66	Untitled Ford vs. Ferrari Project					0
21653421	tt1950186	67	Κόντρα σε όλα	GR				0
21653422	tt1950186	68	Φορντ εναντίον Φεράρι	GR				0
21653423	tt1950186	69	Аутсайдери	UA				0
21653424	tt1950186	7	Ford v Ferrari	IN	hi			0
21653425	tt1950186	70	Ле Ман '66: Славна 24 сата	RS				0
21653426	tt1950186	71	Форд срещу Ферари	BG	bg			0
21653427	tt1950186	72	フォードvsフェラーリ	JP	ja			0
21653428	tt1950186	73	极速车王	CN	cmn			0
21653429	tt1950186	74	極速傳奇：褔特決戰法拉利	HK	yue			0
21653430	tt1950186	75	賽道狂人	TW				0
21653431	tt1950186	8	Ford v Ferrari	KR				0
21653432	tt1950186	9	Ford v Ferrari	NO				0
25176991	tt2293002	1	Ben 10: Omniverse					1
25176992	tt2293002	10	Ben 10: Omniverse	EG	en			0
25176993	tt2293002	11	Ben 10: Omniverse	ES				0
25176994	tt2293002	12	Ben 10: Omniverse	FR				0
25176995	tt2293002	13	Ben 10: Omniverse	GB				0
25176996	tt2293002	14	Ben 10: Omniverse	GR				0
25176997	tt2293002	15	Ben 10: Omniverse	HK	en			0
25176998	tt2293002	16	Ben 10: Omniverse	ID	en			0
25176999	tt2293002	17	Ben 10: Omniverse	IL	en			0
25177000	tt2293002	18	Ben 10: Omniverse	IN	en			0
25177001	tt2293002	19	Ben 10: Omniverse	IN	hi			0
25177002	tt2293002	2	Ben 10: Omniverse	AE				0
25177003	tt2293002	20	Ben 10: Omniverse	IT				0
25177004	tt2293002	21	Ben 10: Omniverse	JP	ja			0
25177005	tt2293002	22	Ben 10: Omniverse	KR				0
25177006	tt2293002	23	Ben 10: Omniverse	MX				0
25177007	tt2293002	24	Ben 10: Omniverse	PH	en			0
25177008	tt2293002	25	Ben 10: Omniverse	PL				0
25177009	tt2293002	26	Ben 10: Omniverse	SE				0
25177010	tt2293002	27	Ben 10: Omniverse	SG	en			0
25177011	tt2293002	28	Ben 10: Omniverse	TH	en			0
25177012	tt2293002	29	Ben 10: Omniverse	US				0
25177013	tt2293002	3	Ben 10: Omniverse	AR				0
25177014	tt2293002	30	Ben 10: Omniverse	ZA	en			0
25177015	tt2293002	31	Ben 10 全面進化	TW				0
25177016	tt2293002	32	Ben 10: Omniverse-Galactic Monsters	US				0
25177017	tt2293002	33	Ben 10: Omniverzum	HU				0
25177018	tt2293002	34	Бен 10: Омниверс	RU				0
25177019	tt2293002	4	Ben 10: Omniverse	AU				0
25177020	tt2293002	5	Ben 10: Omniverse	BR				0
25177021	tt2293002	6	Ben 10: Omniverse	CA	en			0
25177022	tt2293002	7	Ben 10: Omniverse	CA	fr			0
25177023	tt2293002	8	Ben 10: Omniverse	DE				0
25177024	tt2293002	9	Ben 10: Omniverse	EC				0
25238723	tt2301451	1	Ozymandias					1
25238724	tt2301451	2	Ozymandias	US				0
25238736	tt2301455	1	Felina					1
25238737	tt2301455	2	Felina	US				0
26008286	tt2401256	1	The Night Of					1
26008287	tt2401256	10	The Night Of	FR				0
26008288	tt2401256	11	The Night Of	GB				0
26008289	tt2401256	12	The Night Of	HK	en			0
26008290	tt2401256	13	The Night Of	ID	en			0
26008291	tt2401256	14	The Night Of	IL	en			0
26008292	tt2401256	15	The Night Of	IN	en			0
26008293	tt2401256	16	The Night Of	IN	hi			0
26008294	tt2401256	17	The Night Of	JP	en			0
26008295	tt2401256	18	The Night Of	MY	en			0
26008296	tt2401256	19	The Night Of	NL				0
26008297	tt2401256	2	The Night Of	AE				0
26008298	tt2401256	20	The Night Of	PH	en			0
26008299	tt2401256	21	The Night Of	SE				0
26008300	tt2401256	22	The Night Of	SG	en			0
26008301	tt2401256	23	The Night Of	TH	en			0
26008302	tt2401256	24	The Night Of	TR	tr			0
26008303	tt2401256	25	The Night Of	US				0
26008304	tt2401256	26	The Night Of	ZA	en			0
26008305	tt2401256	27	A noite de	PT				0
26008306	tt2401256	28	Aznap éjjel	HU				0
26008307	tt2401256	29	Criminal Justice					0
26008308	tt2401256	3	The Night Of	AU				0
26008309	tt2401256	30	Die Nacht von: Die Wahrheit einer Nacht	DE				0
26008310	tt2401256	31	Długa noc	PL				0
26008311	tt2401256	32	În acea noapte	RO				0
26008312	tt2401256	33	Jedna noc	SK				0
26008313	tt2401256	34	Kobna noć	RS				0
26008314	tt2401256	35	La notte di - Cos'è successo quella notte?	IT				0
26008315	tt2401256	36	Sel ööl	EE				0
26008316	tt2401256	37	Tą naktį	LT				0
26008317	tt2401256	38	The Night Of - Cos'è successo quella notte?	IT				0
26008318	tt2401256	39	The Night Of: Die Wahrheit einer Nacht	DE				0
26008319	tt2401256	4	The Night Of	BR				0
26008320	tt2401256	40	The Night Of. Un juicio a la justicia	MX				0
26008321	tt2401256	41	Дълга нощ	BG	bg			0
26008322	tt2401256	42	Однажды ночью	RU				0
26008323	tt2401256	43	Одного разу вночі	UA				0
26008324	tt2401256	44	더 나이트 오브	KR				0
26008325	tt2401256	45	ナイト・オブ・キリング 失われた記憶	JP	ja			0
26008326	tt2401256	46	罪夜之奔	TW				0
26008327	tt2401256	5	The Night Of	CA	en			0
26008328	tt2401256	6	The Night Of	CA	fr			0
26008329	tt2401256	7	The Night Of	EC				0
26008330	tt2401256	8	The Night Of	EG	en			0
26008331	tt2401256	9	The Night Of	ES				0
26305897	tt2467372	1	Brooklyn Nine-Nine					1
26305898	tt2467372	10	Brooklyn Nine-Nine	FR				0
26305899	tt2467372	11	Brooklyn Nine-Nine	GB				0
26305900	tt2467372	12	Brooklyn Nine-Nine	ID	en			0
26305901	tt2467372	13	Brooklyn Nine-Nine	IL	en			0
26305902	tt2467372	14	Brooklyn Nine-Nine	IN	en			0
26305903	tt2467372	15	Brooklyn Nine-Nine	IN	hi			0
26305904	tt2467372	16	Brooklyn Nine-Nine	IT				0
26305905	tt2467372	17	Brooklyn Nine-Nine	MX				0
26305906	tt2467372	18	Brooklyn Nine-Nine	NL				0
26305907	tt2467372	19	Brooklyn Nine-Nine	PH	en			0
26305908	tt2467372	2	Brooklyn Nine-Nine	AE				0
26305909	tt2467372	20	Brooklyn Nine-Nine	PT				0
26305910	tt2467372	21	Brooklyn Nine-Nine	SE				0
26305911	tt2467372	22	Brooklyn Nine-Nine	SG	en			0
26305912	tt2467372	23	Brooklyn Nine-Nine	TH	en			0
26305913	tt2467372	24	Brooklyn Nine-Nine	TR	tr			0
26305914	tt2467372	25	Brooklyn Nine-Nine	US				0
26305915	tt2467372	26	Brooklyn Nine-Nine	ZA	en			0
26305916	tt2467372	27	Brooklyn 99	CZ				0
26305917	tt2467372	28	Brooklyn 99	FI				0
26305918	tt2467372	29	Brooklyn 99	HR				0
26305919	tt2467372	3	Brooklyn Nine-Nine	AU				0
26305920	tt2467372	30	Brooklyn 99	SK				0
26305921	tt2467372	31	荒唐分局	HK	cmn			0
26305922	tt2467372	32	荒唐分局	HK	yue			0
26305923	tt2467372	33	荒唐分局	TW				0
26305924	tt2467372	34	Brooklyn 9-9	PL				0
26305925	tt2467372	35	Brooklyn 9-9	XWW				0
26305926	tt2467372	36	Бруклин 99	BG	bg			0
26305927	tt2467372	37	Бруклин 99	RS				0
26305928	tt2467372	38	B9-9	US				0
26305929	tt2467372	39	Brooklyn 99 - Nemszázas körzet	HU				0
26305930	tt2467372	4	Brooklyn Nine-Nine	BR				0
26305931	tt2467372	40	Brooklyn Nine-Nine: Lei & Desordem	BR				0
26305932	tt2467372	41	Brooklyn, precinto 99	EC				0
26305933	tt2467372	42	Brooklyni jaoskond	EE				0
26305934	tt2467372	43	Bruklin 9-9	UZ				0
26305935	tt2467372	44	Bruklina 99	LV				0
26305936	tt2467372	45	Cảnh Sát Brooklyn	VN				0
26305937	tt2467372	46	Đồn Brooklyn Số 99	VN				0
26305938	tt2467372	47	Lei & Desordem	BR				0
26305939	tt2467372	48	Бруклин 9-9	RU				0
26305940	tt2467372	49	Бруклин Девет-Девет	MK				0
26305941	tt2467372	5	Brooklyn Nine-Nine	CA	en			0
26305942	tt2467372	50	Бруклін 9-9	UA				0
26305943	tt2467372	51	Бруклін Дзевяць-Дзевяць	BY				0
26305944	tt2467372	52	브루클린 나인-나인	KR				0
26305945	tt2467372	53	ブルックリン・ナイン-ナイン	JP	ja			0
26305946	tt2467372	6	Brooklyn Nine-Nine	CA	fr			0
26305947	tt2467372	7	Brooklyn Nine-Nine	DE				0
26305948	tt2467372	8	Brooklyn Nine-Nine	EG	en			0
26305949	tt2467372	9	Brooklyn Nine-Nine	ES				0
26656166	tt2560140	1	Shingeki no Kyojin					1
26656167	tt2560140	10	Attack on Titan	GB				0
26656168	tt2560140	11	Attack on Titan	ID	en			0
26656169	tt2560140	12	Attack on Titan	IL	en			0
26656170	tt2560140	13	Attack on Titan	IN	en			0
26656171	tt2560140	14	Attack on Titan	IN	hi			0
26656172	tt2560140	15	Attack on Titan	MX				0
26656173	tt2560140	16	Attack on Titan	MY	en			0
26656174	tt2560140	17	Attack on Titan	NL				0
26656175	tt2560140	18	Attack on Titan	NO				0
26656176	tt2560140	19	Attack on Titan	PH	en			0
26656177	tt2560140	2	Attack on Titan					0
26656178	tt2560140	20	Attack on Titan	SE				0
26656179	tt2560140	21	Attack on Titan	SG	en			0
26656180	tt2560140	22	Attack on Titan	TH	en			0
26656181	tt2560140	23	Attack on Titan	TR	tr			0
26656182	tt2560140	24	Attack on Titan	US				0
26656183	tt2560140	25	Attack on Titan	XWW	en			0
26656184	tt2560140	26	Attack on Titan	ZA	en			0
26656185	tt2560140	27	Ataque dos Titãs	BR				0
26656186	tt2560140	28	Ataque dos Titãs	PT				0
26656187	tt2560140	29	Shingeki no Kyojin	CA	fr			0
26656188	tt2560140	3	Attack on Titan	AR				0
26656189	tt2560140	30	Shingeki no Kyojin	EC				0
26656190	tt2560140	31	Útok na titána	CZ				0
26656191	tt2560140	32	Útok na titána	SK				0
26656192	tt2560140	33	Атака титанов	KZ	ru			0
26656193	tt2560140	34	Атака титанов	RU				0
26656194	tt2560140	35	進擊的巨人	HK	yue			0
26656195	tt2560140	36	進擊的巨人	TW				0
26656196	tt2560140	37	AOT	XWW	en			0
26656197	tt2560140	38	Atak Tytanów	PL				0
26656198	tt2560140	39	Ataque a los titanes	ES				0
26656199	tt2560140	4	Attack on Titan	AU				0
26656200	tt2560140	40	Đại Chiến Titan	VN				0
26656201	tt2560140	41	L'attacco dei giganti	IT				0
26656202	tt2560140	42	L'Attaque des Titans	FR				0
26656203	tt2560140	43	Napad na titana	HR				0
26656204	tt2560140	44	Shingeki No Kyojin	JP	en			0
26656205	tt2560140	45	Titanlar hücum	AZ				0
26656206	tt2560140	46	Titanlar hujumi	UZ				0
26656207	tt2560140	47	Η επίθεση των τιτάνων	GR				0
26656208	tt2560140	48	Атака титанів	UA				0
26656209	tt2560140	49	Атака титанів: Фінальний сезон	UA				0
26656210	tt2560140	5	Attack on Titan	BR				0
26656211	tt2560140	50	Атаката на титаните	BG	bg			0
26656212	tt2560140	51	Вторжение титанов	RU				0
26656213	tt2560140	52	Напад титана	RS				0
26656214	tt2560140	53	Титандар шабуылы	KZ				0
26656215	tt2560140	54	هجوم العمالقة	AE				0
26656216	tt2560140	55	दानव पर हमला	IN	hi			0
26656217	tt2560140	56	진격의 거인	KR				0
26656218	tt2560140	57	进击的巨人	CN	cmn			0
26656219	tt2560140	58	進撃の巨人	JP	ja			0
26656220	tt2560140	6	Attack on Titan	CA	en			0
26656221	tt2560140	7	Attack on Titan	DE				0
26656222	tt2560140	8	Attack on Titan	DK				0
26656223	tt2560140	9	Attack on Titan	EG	en			0
27134539	tt2649356	1	Sharp Objects					1
27134540	tt2649356	10	Sharp Objects	GB				0
27134541	tt2649356	11	Sharp Objects	HK	en			0
27134542	tt2649356	12	Sharp Objects	ID	en			0
27134543	tt2649356	13	Sharp Objects	IE	en			0
27134544	tt2649356	14	Sharp Objects	IL	en			0
27134545	tt2649356	15	Sharp Objects	IN	en			0
27134546	tt2649356	16	Sharp Objects	IT				0
27134547	tt2649356	17	Sharp Objects	JM	en			0
27134548	tt2649356	18	Sharp Objects	MX				0
27134549	tt2649356	19	Sharp Objects	NG	en			0
27134550	tt2649356	2	Sharp Objects	AU				0
27134551	tt2649356	20	Sharp Objects	NL				0
27134552	tt2649356	21	Sharp Objects	NZ	en			0
27134553	tt2649356	22	Sharp Objects	PH	en			0
27134554	tt2649356	23	Sharp Objects	PK	en			0
27134555	tt2649356	24	Sharp Objects	SE				0
27134556	tt2649356	25	Sharp Objects	SG	en			0
27134557	tt2649356	26	Sharp Objects	TH	en			0
27134558	tt2649356	27	Sharp Objects	TR	tr			0
27134559	tt2649356	28	Sharp Objects	US				0
27134560	tt2649356	29	Sharp Objects	XAS	en			0
27134561	tt2649356	3	Sharp Objects	BD	en			0
27134562	tt2649356	30	Sharp Objects	XEU	en			0
27134563	tt2649356	31	Sharp Objects	XWW	en			0
27134564	tt2649356	32	Sharp Objects	ZA	en			0
27134565	tt2649356	33	利器	CN	cmn			0
27134566	tt2649356	34	利器	TW				0
27134567	tt2649356	35	Aštrūs daiktai	LT				0
27134568	tt2649356	36	Éles tárgyak	HU				0
27134569	tt2649356	37	Heridas abiertas	ES				0
27134570	tt2649356	38	Lõikepind	EE				0
27134571	tt2649356	39	Obiecte ascutite	RO				0
27134572	tt2649356	4	Sharp Objects	BE	en			0
27134573	tt2649356	40	Objetos Cortantes	BR				0
27134574	tt2649356	41	Objets tranchants	FR				0
27134575	tt2649356	42	Ostré předměty	CZ				0
27134576	tt2649356	43	Ostre przedmioty	PL				0
27134577	tt2649356	44	Oštri Predmeti	BA	sr			0
27134578	tt2649356	45	Sur ma peau	CA	fr			0
27134579	tt2649356	46	Vật Sắc	VN				0
27134580	tt2649356	47	Αιχμηρά αντικείμενα	GR				0
27134581	tt2649356	48	Гострі предмети	UA				0
27134582	tt2649356	49	Острые предметы	RU				0
27134583	tt2649356	5	Sharp Objects	CA	en			0
27134584	tt2649356	50	Отворени рани	BG	bg			0
27134585	tt2649356	51	Оштри предмети	RS				0
27134586	tt2649356	52	شارب أوبجاكتس	AE				0
27134587	tt2649356	53	तेज वस्तुओं	IN	hi			0
27134588	tt2649356	54	몸을 긋는 소녀	KR				0
27134589	tt2649356	55	シャープ・オブジェクト	JP	ja			0
27134590	tt2649356	56	利器之痕	CN	cmn			0
27134591	tt2649356	57	鋭利なもの	JP				0
27134592	tt2649356	58	Sharp Objects	US	en			0
27134593	tt2649356	6	Sharp Objects	CH	en			0
27134594	tt2649356	7	Sharp Objects	DE				0
27134595	tt2649356	8	Sharp Objects	EC				0
27134596	tt2649356	9	Sharp Objects	EG	en			0
29888881	tt2861424	1	Rick and Morty					1
29888882	tt2861424	10	Rick and Morty	ID	en			0
29888883	tt2861424	11	Rick and Morty	IL	en			0
29888884	tt2861424	12	Rick and Morty	IN	en			0
29888885	tt2861424	13	Rick and Morty	IN	hi			0
29888886	tt2861424	14	Rick and Morty	IT				0
29888887	tt2861424	15	Rick and Morty	NL				0
29888888	tt2861424	16	Rick and Morty	PH	en			0
29888889	tt2861424	17	Rick and Morty	SE				0
29888890	tt2861424	18	Rick and Morty	SG	en			0
29888891	tt2861424	19	Rick and Morty	TH	en			0
29888892	tt2861424	2	Rick and Morty	AU				0
29888893	tt2861424	20	Rick and Morty	US				0
29888894	tt2861424	21	Rick and Morty	ZA	en			0
29888895	tt2861424	22	Рик и Морти	BG	bg			0
29888896	tt2861424	23	Рик и Морти	KZ	ru			0
29888897	tt2861424	24	Рик и Морти	RS				0
29888898	tt2861424	25	Рик и Морти	RU				0
29888899	tt2861424	26	Rick a Morty	CZ				0
29888900	tt2861424	27	Rick a Morty	SK				0
29888901	tt2861424	28	Rick e Morty	BR				0
29888902	tt2861424	29	Rick e Morty	PT				0
29888903	tt2861424	3	Rick and Morty	CA	en			0
29888904	tt2861424	30	Rick i Morty	HR				0
29888905	tt2861424	31	Rick i Morty	PL				0
29888906	tt2861424	32	Rick y Morty	AR				0
29888907	tt2861424	33	Rick y Morty	ES				0
29888908	tt2861424	34	Rick & Morty	MX				0
29888909	tt2861424	35	Rick és Morty	HU				0
29888910	tt2861424	36	Rick et Morty	FR				0
29888911	tt2861424	37	Rick ja Morty	EE				0
29888912	tt2861424	38	Rick și Morty	RO				0
29888913	tt2861424	39	Rick và Morty	VN				0
29888914	tt2861424	4	Rick and Morty	CA	fr			0
29888915	tt2861424	40	Rick ve Morty	TR	tr			0
29888916	tt2861424	41	Rik va Morti	UZ				0
29888917	tt2861424	42	Rik və Morti	AZ				0
29888918	tt2861424	43	Rikas ir Mortis	LT				0
29888919	tt2861424	44	Riks Un Mortijs	LV				0
29888920	tt2861424	45	Ρικ και Μόρτι	GR				0
29888921	tt2861424	46	Рик пен Морти	KZ				0
29888922	tt2861424	47	Рік і Морті	UA				0
29888923	tt2861424	48	Рік та Морті	UA				0
29888924	tt2861424	49	Рык і Морці	BY				0
29888925	tt2861424	5	Rick and Morty	DE				0
29888926	tt2861424	50	ريك ومورتي	AE				0
29888927	tt2861424	51	릭 앤 모티	KR				0
29888928	tt2861424	52	リック・アンド・モーティ	JP	ja			0
29888929	tt2861424	53	瑞克和莫蒂	TW				0
29888930	tt2861424	6	Rick and Morty	EC				0
29888931	tt2861424	7	Rick and Morty	EG	en			0
29888932	tt2861424	8	Rick and Morty	GB				0
29888933	tt2861424	9	Rick and Morty	HK	en			0
30163699	tt2879552	1	11.22.63					1
30163700	tt2879552	10	22.11.63	GR				0
30163701	tt2879552	11	22.11.63	HU				0
30163702	tt2879552	12	22.11.63	ID	en			0
30163703	tt2879552	13	22.11.63	IS				0
30163704	tt2879552	14	22.11.63	IT				0
30163705	tt2879552	15	22.11.63	MY	en			0
30163706	tt2879552	16	22.11.63	NL				0
30163707	tt2879552	17	22.11.63	NO				0
30163708	tt2879552	18	22.11.63	NZ	en			0
30163709	tt2879552	19	22.11.63	PL				0
30163710	tt2879552	2	22.11.63	AL				0
30163711	tt2879552	20	22.11.63	PT				0
30163712	tt2879552	21	22.11.63	RU				0
30163713	tt2879552	22	22.11.63	SE				0
30163714	tt2879552	23	22.11.63	SK				0
30163715	tt2879552	24	22.11.63	TR	tr			0
30163716	tt2879552	25	22.11.63	UA				0
30163717	tt2879552	26	11.22.63	AE				0
30163718	tt2879552	27	11.22.63	BR				0
30163719	tt2879552	28	11.22.63	CA	en			0
30163720	tt2879552	29	11.22.63	CA	fr			0
30163721	tt2879552	3	22.11.63	AU				0
30163722	tt2879552	30	11.22.63	CN	cmn			0
30163723	tt2879552	31	11.22.63	EC				0
30163724	tt2879552	32	11.22.63	EE				0
30163725	tt2879552	33	11.22.63	EG	en			0
30163726	tt2879552	34	11.22.63	GB				0
30163727	tt2879552	35	11.22.63	HK	en			0
30163728	tt2879552	36	11.22.63	IL	en			0
30163729	tt2879552	37	11.22.63	IN	en			0
30163730	tt2879552	38	11.22.63	IN	hi			0
30163731	tt2879552	39	11.22.63	JP	ja			0
30163732	tt2879552	4	22.11.63	BG	bg			0
30163733	tt2879552	40	11.22.63	MX				0
30163734	tt2879552	41	11.22.63	RO				0
30163735	tt2879552	42	11.22.63	SG	en			0
30163736	tt2879552	43	11.22.63	TH	en			0
30163737	tt2879552	44	11.22.63	US				0
30163738	tt2879552	45	11.22.63	ZA	en			0
30163739	tt2879552	46	11.22.63 - Der Anschlag	DE				0
30163740	tt2879552	47	1963年11月22日	CN	cmn			0
30163741	tt2879552	48	惊魂日	CN	cmn			0
30163742	tt2879552	49	拯救甘迺迪	TW				0
30163743	tt2879552	5	22.11.63	CZ				0
30163744	tt2879552	50	拯救肯尼迪	CN	cmn			0
30163745	tt2879552	6	22.11.63	DK				0
30163746	tt2879552	7	22.11.63	ES				0
30163747	tt2879552	8	22.11.63	FI				0
30163748	tt2879552	9	22.11.63	FR				0
31682802	tt3032476	1	Better Call Saul					1
31682803	tt3032476	10	Better Call Saul	EG	en			0
31682804	tt3032476	11	Better Call Saul	ES				0
31682805	tt3032476	12	Better Call Saul	FR				0
31682806	tt3032476	13	Better Call Saul	GB				0
31682807	tt3032476	14	Better Call Saul	HU				0
31682808	tt3032476	15	Better Call Saul	ID	en			0
31682809	tt3032476	16	Better Call Saul	IL	en			0
31682810	tt3032476	17	Better Call Saul	IN	en			0
31682811	tt3032476	18	Better Call Saul	IN	hi			0
31682812	tt3032476	19	Better Call Saul	IT				0
31682813	tt3032476	2	Better Call Saul	AE				0
31682814	tt3032476	20	Better Call Saul	KR				0
31682815	tt3032476	21	Better Call Saul	MX				0
31682816	tt3032476	22	Better Call Saul	NL				0
31682817	tt3032476	23	Better Call Saul	PH	en			0
31682818	tt3032476	24	Better Call Saul	SE				0
31682819	tt3032476	25	Better Call Saul	SG	en			0
31682820	tt3032476	26	Better Call Saul	TH	en			0
31682821	tt3032476	27	Better Call Saul	TR	tr			0
31682822	tt3032476	28	Better Call Saul	US				0
31682823	tt3032476	29	Better Call Saul	ZA	en			0
31682824	tt3032476	3	Better Call Saul	AR				0
31682825	tt3032476	30	Лучше звоните Солу	KZ	ru			0
31682826	tt3032476	31	Лучше звоните Солу	RU				0
31682827	tt3032476	32	絕命律師	HK	yue			0
31682828	tt3032476	33	絕命律師	TW				0
31682829	tt3032476	34	Aeg kutsuda Saul	EE				0
31682830	tt3032476	35	Bolje pozovite Sola	RS				0
31682831	tt3032476	36	Ən yaxşısı Sola zəng et	AZ				0
31682832	tt3032476	37	Geriau skambink Solui	LT				0
31682833	tt3032476	38	Hãy Gọi Cho Saul	VN				0
31682834	tt3032476	39	Labāk zvaniet Solam	LV				0
31682835	tt3032476	4	Better Call Saul	AU				0
31682836	tt3032476	40	Nazovi Saula	HR				0
31682837	tt3032476	41	Volajte Saulovi	SK				0
31682838	tt3032476	42	Volejte Saulovi	CZ				0
31682839	tt3032476	43	Yaxshisi Soulga qo'ng'iroq qiling	UZ				0
31682840	tt3032476	44	Zadzwoń do Saula	PL				0
31682841	tt3032476	45	Πάρε τον Σολ	GR				0
31682842	tt3032476	46	Боље позовите Сола	RS				0
31682843	tt3032476	47	Жақсырақ Солға қоңырау шалыңыз	KZ				0
31682844	tt3032476	48	Краще подзвоніть Солу	UA				0
31682845	tt3032476	49	Обадете се на Сол	BG	bg			0
31682846	tt3032476	5	Better Call Saul	BR				0
31682847	tt3032476	50	ベター・コール・ソウル	JP	ja			0
31682848	tt3032476	51	风骚律师	CN	cmn			0
31682849	tt3032476	6	Better Call Saul	CA	en			0
31682850	tt3032476	7	Better Call Saul	CA	fr			0
31682851	tt3032476	8	Better Call Saul	DE				0
31682852	tt3032476	9	Better Call Saul	EC				0
39843601	tt4163660	1	A New Dawn					1
40034729	tt4283088	1	Battle of the Bastards					1
40034730	tt4283088	2	Battle of the Bastards	US				0
42358664	tt5719536	1	Chicanery					1
42358665	tt5719536	2	Chicanery	US				0
44593387	tt7137906	1	When They See Us					1
44593388	tt7137906	10	When They See Us	IN	en			0
44593389	tt7137906	11	When They See Us	IN	hi			0
44593390	tt7137906	12	When They See Us	IT				0
44593391	tt7137906	13	When They See Us	MX				0
44593392	tt7137906	14	When They See Us	NL				0
44593393	tt7137906	15	When They See Us	PH	en			0
44593394	tt7137906	16	When They See Us	SE				0
44593395	tt7137906	17	When They See Us	SG	en			0
44593396	tt7137906	18	When They See Us	TH	en			0
44593397	tt7137906	19	When They See Us	US				0
44593398	tt7137906	2	When They See Us	AU				0
44593399	tt7137906	20	When They See Us	ZA	en			0
44593400	tt7137906	21	Así nos ven	AR				0
44593401	tt7137906	22	Así nos ven	EC				0
44593402	tt7137906	23	Así nos ven	ES				0
44593403	tt7137906	24	A Central parki ötök	HU				0
44593404	tt7137906	25	Aos Olhos da Justiça	PT				0
44593405	tt7137906	26	Bizi Gördüklerinde	TR	tr			0
44593406	tt7137906	27	Central Park Five	US				0
44593407	tt7137906	28	Dans leur regard	FR				0
44593408	tt7137906	29	Jak nas widzą	PL				0
44593409	tt7137906	3	When They See Us	CA	en			0
44593410	tt7137906	30	Kad nas vide	HR				0
44593411	tt7137906	31	Když nás vidí	CZ				0
44593412	tt7137906	32	Keď nás vidia	SK				0
44593413	tt7137906	33	Olhos que Condenam	BR				0
44593414	tt7137906	34	Όταν μας βλέπουν	GR				0
44593415	tt7137906	35	Кад нас виде	RS				0
44593416	tt7137906	36	Когда они нас увидят	RU				0
44593417	tt7137906	37	Коли вони нас бачать	UA				0
44593418	tt7137906	38	مرايا خادعة	AE				0
44593419	tt7137906	39	그들이 우리를 바라볼 때	KR				0
44593420	tt7137906	4	When They See Us	CA	fr			0
44593421	tt7137906	40	別人眼中的我們	TW				0
44593422	tt7137906	41	彼らが私たちを見るとき	JP	ja			0
44593423	tt7137906	42	從心看我	HK	yue			0
44593424	tt7137906	5	When They See Us	DE				0
44593425	tt7137906	6	When They See Us	EG	en			0
44593426	tt7137906	7	When They See Us	GB				0
44593427	tt7137906	8	When They See Us	ID	en			0
44593428	tt7137906	9	When They See Us	IL	en			0
45005414	tt7366338	1	Chernobyl					1
45005415	tt7366338	10	Chernobyl	ES				0
45005416	tt7366338	11	Chernobyl	FR				0
45005417	tt7366338	12	Chernobyl	GB				0
45005418	tt7366338	13	Chernobyl	ID	en			0
45005419	tt7366338	14	Chernobyl	IL	en			0
45005420	tt7366338	15	Chernobyl	IN	en			0
45005421	tt7366338	16	Chernobyl	IN	hi			0
45005422	tt7366338	17	Chernobyl	IT				0
45005423	tt7366338	18	Chernobyl	MX				0
45005424	tt7366338	19	Chernobyl	NL				0
45005425	tt7366338	2	Chernobyl	AE				0
45005426	tt7366338	20	Chernobyl	PH	en			0
45005427	tt7366338	21	Chernobyl	PT				0
45005428	tt7366338	22	Chernobyl	SE				0
45005429	tt7366338	23	Chernobyl	SG	en			0
45005430	tt7366338	24	Chernobyl	TH	en			0
45005431	tt7366338	25	Chernobyl	US				0
45005432	tt7366338	26	Chernobyl	ZA	en			0
45005433	tt7366338	27	Чернобыль	KZ				0
45005434	tt7366338	28	Чернобыль	RU				0
45005435	tt7366338	29	Cernobîl	RO				0
45005436	tt7366338	3	Chernobyl	AR				0
45005437	tt7366338	30	Černobil	HR				0
45005438	tt7366338	31	Çernobil	TR	tr			0
45005439	tt7366338	32	Černobiļa	LV				0
45005440	tt7366338	33	Çernobıl	AZ				0
45005441	tt7366338	34	Černobyl	CZ				0
45005442	tt7366338	35	Černobyľ	SK				0
45005443	tt7366338	36	Černobylis	LT				0
45005444	tt7366338	37	Chernobil	UZ				0
45005445	tt7366338	38	Csernobil	HU				0
45005446	tt7366338	39	Czarnobyl	PL				0
45005447	tt7366338	4	Chernobyl	AU				0
45005448	tt7366338	40	Tchernobyl	CA	fr			0
45005449	tt7366338	41	Tsornobõl	EE				0
45005450	tt7366338	42	Τσέρνομπιλ	GR				0
45005451	tt7366338	43	Чернобил	BG	bg			0
45005452	tt7366338	44	Чернобиљ	RS				0
45005453	tt7366338	45	Чорнобиль	UA				0
45005454	tt7366338	46	체르노빌	KR				0
45005455	tt7366338	47	チェルノブイリ	JP	ja			0
45005456	tt7366338	48	切尔诺贝利	CN	cmn			0
45005457	tt7366338	49	切爾諾貝爾: 傷心的兒童	HK	cmn			0
45005458	tt7366338	5	Chernobyl	BR				0
45005459	tt7366338	50	核爆家園	TW				0
45005460	tt7366338	51	调查切尔诺贝利	CN	cmn			0
45005461	tt7366338	6	Chernobyl	CA	en			0
45005462	tt7366338	7	Chernobyl	DE				0
45005463	tt7366338	8	Chernobyl	EC				0
45005464	tt7366338	9	Chernobyl	EG	en			0
46733438	tt8305212	1	The Night Of					1
46733439	tt8305212	2	The Night Of	IN				0
47694621	tt8783232	1	Redemption					1
47694622	tt8783232	2	Redemption	GB				0
47694623	tt8783232	3	Redemption	US				0
47694624	tt8783232	4	Redemption	XWW	en			0
47694625	tt8783232	5	Geula	IL	he			0
49948690	tt9815454	1	Unorthodox					1
49948691	tt9815454	10	Unorthodox	GB				0
49948692	tt9815454	11	Unorthodox	HK	en			0
49948693	tt9815454	12	Unorthodox	IN	en			0
49948694	tt9815454	13	Unorthodox	IN	hi			0
49948695	tt9815454	14	Unorthodox	IT				0
49948696	tt9815454	15	Unorthodox	NL				0
49948697	tt9815454	16	Unorthodox	PH	en			0
49948698	tt9815454	17	Unorthodox	PL				0
49948699	tt9815454	18	Unorthodox	SE				0
49948700	tt9815454	19	Unorthodox	SG	en			0
49948701	tt9815454	2	Unorthodox	AU				0
49948702	tt9815454	20	Unorthodox	TH	en			0
49948703	tt9815454	21	Unorthodox	TR	tr			0
49948704	tt9815454	22	Unorthodox	US				0
49948705	tt9815454	23	Unorthodox	ZA	en			0
49948706	tt9815454	24	Poco ortodoxa	AR				0
49948707	tt9815454	25	Poco ortodoxa	MX				0
49948708	tt9815454	26	A másik út	HU				0
49948709	tt9815454	27	HaMoredet	IL	he			0
49948710	tt9815454	28	Nada Ortodoxa	BR				0
49948711	tt9815454	29	Ανορθόδοξη	GR				0
49948712	tt9815454	3	Unorthodox	CA	en			0
49948713	tt9815454	30	Неортодоксальна	UA				0
49948714	tt9815454	31	Неортодоксальная	RU				0
49948715	tt9815454	32	Неортодоксна	RS				0
49948716	tt9815454	33	هاربة من الماضي	AE				0
49948717	tt9815454	34	그리고 베를린에서	KR				0
49948718	tt9815454	35	アンオーソドックス	JP	ja			0
49948719	tt9815454	36	出走布魯克林	TW				0
49948720	tt9815454	37	离经叛道	CN	cmn			0
49948721	tt9815454	4	Unorthodox	CA	fr			0
49948722	tt9815454	5	Unorthodox	DE				0
49948723	tt9815454	6	Unorthodox	EC				0
49948724	tt9815454	7	Unorthodox	EG	en			0
49948725	tt9815454	8	Unorthodox	ES				0
49948726	tt9815454	9	Unorthodox	FR				0
50134196	tt9906260	1	Hero					1
50134197	tt9906260	2	Hero	JP				0
